algorithm;dataset;privacyModel;k;qids;weighted;iterations;eliteFraction;crossoverFraction;productionFraction;mutationProbability;immigrationFraction;immigrationInterval;subpopulationSize;trianglePattern;dualPopulation;timeLimit;stepLimit;limitByOptimalLoss;batchNumber;time;externalUtility;internalUtility;tuningParameter;tuningValue
BEST_EFFORT_GENETIC;CREDITCARD;POPULATION_UNIQUENESS;5;0;false;2147483647;0.2;0.4;0.8;0.05;0.2;10;100;true;true;5000;2147483647;false;1;171429;0.691453561;0;eliteFraction;0.2
BEST_EFFORT_GENETIC;CREDITCARD;POPULATION_UNIQUENESS;5;0;false;2147483647;0.4;0.4;0.8;0.05;0.2;10;100;true;true;5000;2147483647;false;1;126193;0.691763342;0;eliteFraction;0.4
BEST_EFFORT_GENETIC;CREDITCARD;POPULATION_UNIQUENESS;5;0;false;2147483647;0.2;0.2;0.8;0.05;0.2;10;100;true;true;5000;2147483647;false;1;206772;0.701017557;0;crossoverFraction;0.2
BEST_EFFORT_GENETIC;CREDITCARD;POPULATION_UNIQUENESS;5;0;false;2147483647;0.2;0.6;0.8;0.05;0.2;10;100;true;true;5000;2147483647;false;1;131218;0.691949736;0;crossoverFraction;0.6
BEST_EFFORT_GENETIC;CREDITCARD;POPULATION_UNIQUENESS;5;0;false;2147483647;0.2;0.4;0.2;0.05;0.2;10;100;true;true;5000;2147483647;false;1;146222;0.686626217;0;productionFraction;0.2
BEST_EFFORT_GENETIC;CREDITCARD;POPULATION_UNIQUENESS;5;0;false;2147483647;0.2;0.4;0.4;0.05;0.2;10;100;true;true;5000;2147483647;false;1;176539;0.697775174;0;productionFraction;0.4
BEST_EFFORT_GENETIC;CREDITCARD;POPULATION_UNIQUENESS;5;0;false;2147483647;0.2;0.4;0.6;0.05;0.2;10;100;true;true;5000;2147483647;false;1;161416;0.705808263;0;productionFraction;0.6
BEST_EFFORT_GENETIC;CREDITCARD;POPULATION_UNIQUENESS;5;0;false;2147483647;0.2;0.4;0.8;0.025;0.2;10;100;true;true;5000;2147483647;false;1;141245;0.690953096;0;mutationProbability;0.025
BEST_EFFORT_GENETIC;CREDITCARD;POPULATION_UNIQUENESS;5;0;false;2147483647;0.2;0.4;0.8;0.1;0.2;10;100;true;true;5000;2147483647;false;1;156348;0.687702439;0;mutationProbability;0.1
BEST_EFFORT_GENETIC;CREDITCARD;POPULATION_UNIQUENESS;5;0;false;2147483647;0.2;0.4;0.8;0.05;0.4;10;100;true;true;5000;2147483647;false;1;171545;0.706246133;0;immigrationFraction;0.4
BEST_EFFORT_GENETIC;CREDITCARD;POPULATION_UNIQUENESS;5;0;false;2147483647;0.2;0.4;0.8;0.05;0.6;10;100;true;true;5000;2147483647;false;1;206700;0.707252859;0;immigrationFraction;0.6
BEST_EFFORT_GENETIC;CREDITCARD;POPULATION_UNIQUENESS;5;0;false;2147483647;0.2;0.4;0.8;0.05;0.8;10;100;true;true;5000;2147483647;false;1;156309;0.693347094;0;immigrationFraction;0.8
BEST_EFFORT_GENETIC;CREDITCARD;POPULATION_UNIQUENESS;5;0;false;2147483647;0.2;0.4;0.8;0.05;0.2;5;100;true;true;5000;2147483647;false;1;151346;0.704110174;0;immigrationInterval;5
BEST_EFFORT_GENETIC;CREDITCARD;POPULATION_UNIQUENESS;5;0;false;2147483647;0.2;0.4;0.8;0.05;0.2;20;100;true;true;5000;2147483647;false;1;166473;0.69567146;0;immigrationInterval;20
BEST_EFFORT_GENETIC;CREDITCARD;POPULATION_UNIQUENESS;5;0;false;2147483647;0.2;0.4;0.8;0.05;0.2;10;50;true;true;5000;2147483647;false;1;186459;0.702254404;0;subpopulationSize;50
BEST_EFFORT_GENETIC;CREDITCARD;POPULATION_UNIQUENESS;5;0;false;2147483647;0.2;0.4;0.8;0.05;0.2;10;200;true;true;5000;2147483647;false;1;206644;0.686813423;0;subpopulationSize;200
BEST_EFFORT_GENETIC;CREDITCARD;POPULATION_UNIQUENESS;5;0;false;2147483647;0.2;0.4;0.8;0.05;0.2;10;100;true;true;10000;2147483647;false;1;441945;0.741896924;0;eliteFraction;0.2
BEST_EFFORT_GENETIC;CREDITCARD;POPULATION_UNIQUENESS;5;0;false;2147483647;0.4;0.4;0.8;0.05;0.2;10;100;true;true;10000;2147483647;false;1;391700;0.782169588;0;eliteFraction;0.4
BEST_EFFORT_GENETIC;CREDITCARD;POPULATION_UNIQUENESS;5;0;false;2147483647;0.2;0.2;0.8;0.05;0.2;10;100;true;true;10000;2147483647;false;1;281401;0.690945614;0;crossoverFraction;0.2
BEST_EFFORT_GENETIC;CREDITCARD;POPULATION_UNIQUENESS;5;0;false;2147483647;0.2;0.6;0.8;0.05;0.2;10;100;true;true;10000;2147483647;false;1;391570;0.774827438;0;crossoverFraction;0.6
BEST_EFFORT_GENETIC;CREDITCARD;POPULATION_UNIQUENESS;5;0;false;2147483647;0.2;0.4;0.2;0.05;0.2;10;100;true;true;10000;2147483647;false;1;431686;0.775373997;0;productionFraction;0.2
BEST_EFFORT_GENETIC;CREDITCARD;POPULATION_UNIQUENESS;5;0;false;2147483647;0.2;0.4;0.4;0.05;0.2;10;100;true;true;10000;2147483647;false;1;431810;0.769879355;0;productionFraction;0.4
BEST_EFFORT_GENETIC;CREDITCARD;POPULATION_UNIQUENESS;5;0;false;2147483647;0.2;0.4;0.6;0.05;0.2;10;100;true;true;10000;2147483647;false;1;411796;0.751448873;0;productionFraction;0.6
BEST_EFFORT_GENETIC;CREDITCARD;POPULATION_UNIQUENESS;5;0;false;2147483647;0.2;0.4;0.8;0.025;0.2;10;100;true;true;10000;2147483647;false;1;351427;0.733519706;0;mutationProbability;0.025
BEST_EFFORT_GENETIC;CREDITCARD;POPULATION_UNIQUENESS;5;0;false;2147483647;0.2;0.4;0.8;0.1;0.2;10;100;true;true;10000;2147483647;false;1;421706;0.754414477;0;mutationProbability;0.1
BEST_EFFORT_GENETIC;CREDITCARD;POPULATION_UNIQUENESS;5;0;false;2147483647;0.2;0.4;0.8;0.05;0.4;10;100;true;true;10000;2147483647;false;1;421760;0.772744394;0;immigrationFraction;0.4
BEST_EFFORT_GENETIC;CREDITCARD;POPULATION_UNIQUENESS;5;0;false;2147483647;0.2;0.4;0.8;0.05;0.6;10;100;true;true;10000;2147483647;false;1;441902;0.725460975;0;immigrationFraction;0.6
BEST_EFFORT_GENETIC;CREDITCARD;POPULATION_UNIQUENESS;5;0;false;2147483647;0.2;0.4;0.8;0.05;0.8;10;100;true;true;10000;2147483647;false;1;441904;0.734948869;0;immigrationFraction;0.8
BEST_EFFORT_GENETIC;CREDITCARD;POPULATION_UNIQUENESS;5;0;false;2147483647;0.2;0.4;0.8;0.05;0.2;5;100;true;true;10000;2147483647;false;1;401644;0.782017091;0;immigrationInterval;5
BEST_EFFORT_GENETIC;CREDITCARD;POPULATION_UNIQUENESS;5;0;false;2147483647;0.2;0.4;0.8;0.05;0.2;20;100;true;true;10000;2147483647;false;1;381737;0.697746386;0;immigrationInterval;20
BEST_EFFORT_GENETIC;CREDITCARD;POPULATION_UNIQUENESS;5;0;false;2147483647;0.2;0.4;0.8;0.05;0.2;10;50;true;true;10000;2147483647;false;1;381714;0.761153921;0;subpopulationSize;50
BEST_EFFORT_GENETIC;CREDITCARD;POPULATION_UNIQUENESS;5;0;false;2147483647;0.2;0.4;0.8;0.05;0.2;10;200;true;true;10000;2147483647;false;1;321448;0.697294528;0;subpopulationSize;200
BEST_EFFORT_GENETIC;CREDITCARD;POPULATION_UNIQUENESS;5;0;false;2147483647;0.2;0.4;0.8;0.05;0.2;10;100;true;true;20000;2147483647;false;1;841692;0.831478473;0;eliteFraction;0.2
BEST_EFFORT_GENETIC;CREDITCARD;POPULATION_UNIQUENESS;5;0;false;2147483647;0.4;0.4;0.8;0.05;0.2;10;100;true;true;20000;2147483647;false;1;921946;0.801589275;0;eliteFraction;0.4
BEST_EFFORT_GENETIC;CREDITCARD;POPULATION_UNIQUENESS;5;0;false;2147483647;0.2;0.2;0.8;0.05;0.2;10;100;true;true;20000;2147483647;false;1;701445;0.886867634;0;crossoverFraction;0.2
BEST_EFFORT_GENETIC;CREDITCARD;POPULATION_UNIQUENESS;5;0;false;2147483647;0.2;0.6;0.8;0.05;0.2;10;100;true;true;20000;2147483647;false;1;1002041;0.83979033;0;crossoverFraction;0.6
BEST_EFFORT_GENETIC;CREDITCARD;POPULATION_UNIQUENESS;5;0;false;2147483647;0.2;0.4;0.2;0.05;0.2;10;100;true;true;20000;2147483647;false;1;841544;0.87104868;0;productionFraction;0.2
BEST_EFFORT_GENETIC;CREDITCARD;POPULATION_UNIQUENESS;5;0;false;2147483647;0.2;0.4;0.4;0.05;0.2;10;100;true;true;20000;2147483647;false;1;1062122;0.799053835;0;productionFraction;0.4
BEST_EFFORT_GENETIC;CREDITCARD;POPULATION_UNIQUENESS;5;0;false;2147483647;0.2;0.4;0.6;0.05;0.2;10;100;true;true;20000;2147483647;false;1;941834;0.786404899;0;productionFraction;0.6
BEST_EFFORT_GENETIC;CREDITCARD;POPULATION_UNIQUENESS;5;0;false;2147483647;0.2;0.4;0.8;0.025;0.2;10;100;true;true;20000;2147483647;false;1;921956;0.786123908;0;mutationProbability;0.025
BEST_EFFORT_GENETIC;CREDITCARD;POPULATION_UNIQUENESS;5;0;false;2147483647;0.2;0.4;0.8;0.1;0.2;10;100;true;true;20000;2147483647;false;1;861832;0.798448182;0;mutationProbability;0.1
BEST_EFFORT_GENETIC;CREDITCARD;POPULATION_UNIQUENESS;5;0;false;2147483647;0.2;0.4;0.8;0.05;0.4;10;100;true;true;20000;2147483647;false;1;1002129;0.786036812;0;immigrationFraction;0.4
BEST_EFFORT_GENETIC;CREDITCARD;POPULATION_UNIQUENESS;5;0;false;2147483647;0.2;0.4;0.8;0.05;0.6;10;100;true;true;20000;2147483647;false;1;962055;0.824018097;0;immigrationFraction;0.6
BEST_EFFORT_GENETIC;CREDITCARD;POPULATION_UNIQUENESS;5;0;false;2147483647;0.2;0.4;0.8;0.05;0.8;10;100;true;true;20000;2147483647;false;1;922193;0.750219804;0;immigrationFraction;0.8
BEST_EFFORT_GENETIC;CREDITCARD;POPULATION_UNIQUENESS;5;0;false;2147483647;0.2;0.4;0.8;0.05;0.2;5;100;true;true;20000;2147483647;false;1;821710;0.797877022;0;immigrationInterval;5
BEST_EFFORT_GENETIC;CREDITCARD;POPULATION_UNIQUENESS;5;0;false;2147483647;0.2;0.4;0.8;0.05;0.2;20;100;true;true;20000;2147483647;false;1;942040;0.784883477;0;immigrationInterval;20
BEST_EFFORT_GENETIC;CREDITCARD;POPULATION_UNIQUENESS;5;0;false;2147483647;0.2;0.4;0.8;0.05;0.2;10;50;true;true;20000;2147483647;false;1;902026;0.786663217;0;subpopulationSize;50
BEST_EFFORT_GENETIC;CREDITCARD;POPULATION_UNIQUENESS;5;0;false;2147483647;0.2;0.4;0.8;0.05;0.2;10;200;true;true;20000;2147483647;false;1;801642;0.814437138;0;subpopulationSize;200
BEST_EFFORT_GENETIC;CREDITCARD;POPULATION_UNIQUENESS;5;0;false;2147483647;0.2;0.4;0.8;0.05;0.2;10;100;true;true;30000;2147483647;false;1;1412065;0.801457311;0;eliteFraction;0.2
BEST_EFFORT_GENETIC;CREDITCARD;POPULATION_UNIQUENESS;5;0;false;2147483647;0.4;0.4;0.8;0.05;0.2;10;100;true;true;30000;2147483647;false;1;1472043;0.821180703;0;eliteFraction;0.4
BEST_EFFORT_GENETIC;CREDITCARD;POPULATION_UNIQUENESS;5;0;false;2147483647;0.2;0.2;0.8;0.05;0.2;10;100;true;true;30000;2147483647;false;1;1321808;0.833826118;0;crossoverFraction;0.2
BEST_EFFORT_GENETIC;CREDITCARD;POPULATION_UNIQUENESS;5;0;false;2147483647;0.2;0.6;0.8;0.05;0.2;10;100;true;true;30000;2147483647;false;1;1532242;0.845879481;0;crossoverFraction;0.6
BEST_EFFORT_GENETIC;CREDITCARD;POPULATION_UNIQUENESS;5;0;false;2147483647;0.2;0.4;0.2;0.05;0.2;10;100;true;true;30000;2147483647;false;1;1021364;0.882474451;0;productionFraction;0.2
BEST_EFFORT_GENETIC;CREDITCARD;POPULATION_UNIQUENESS;5;0;false;2147483647;0.2;0.4;0.4;0.05;0.2;10;100;true;true;30000;2147483647;false;1;1321775;0.841457493;0;productionFraction;0.4
BEST_EFFORT_GENETIC;CREDITCARD;POPULATION_UNIQUENESS;5;0;false;2147483647;0.2;0.4;0.6;0.05;0.2;10;100;true;true;30000;2147483647;false;1;1081454;0.869348358;0;productionFraction;0.6
BEST_EFFORT_GENETIC;CREDITCARD;POPULATION_UNIQUENESS;5;0;false;2147483647;0.2;0.4;0.8;0.025;0.2;10;100;true;true;30000;2147483647;false;1;1381879;0.798314599;0;mutationProbability;0.025
BEST_EFFORT_GENETIC;CREDITCARD;POPULATION_UNIQUENESS;5;0;false;2147483647;0.2;0.4;0.8;0.1;0.2;10;100;true;true;30000;2147483647;false;1;1111513;0.876795629;0;mutationProbability;0.1
BEST_EFFORT_GENETIC;CREDITCARD;POPULATION_UNIQUENESS;5;0;false;2147483647;0.2;0.4;0.8;0.05;0.4;10;100;true;true;30000;2147483647;false;1;1412085;0.807761683;0;immigrationFraction;0.4
BEST_EFFORT_GENETIC;CREDITCARD;POPULATION_UNIQUENESS;5;0;false;2147483647;0.2;0.4;0.8;0.05;0.6;10;100;true;true;30000;2147483647;false;1;1351864;0.835587074;0;immigrationFraction;0.6
BEST_EFFORT_GENETIC;CREDITCARD;POPULATION_UNIQUENESS;5;0;false;2147483647;0.2;0.4;0.8;0.05;0.8;10;100;true;true;30000;2147483647;false;1;1411826;0.85446753;0;immigrationFraction;0.8
BEST_EFFORT_GENETIC;CREDITCARD;POPULATION_UNIQUENESS;5;0;false;2147483647;0.2;0.4;0.8;0.05;0.2;5;100;true;true;30000;2147483647;false;1;1411783;0.829414274;0;immigrationInterval;5
BEST_EFFORT_GENETIC;CREDITCARD;POPULATION_UNIQUENESS;5;0;false;2147483647;0.2;0.4;0.8;0.05;0.2;20;100;true;true;30000;2147483647;false;1;1351796;0.842809642;0;immigrationInterval;20
BEST_EFFORT_GENETIC;CREDITCARD;POPULATION_UNIQUENESS;5;0;false;2147483647;0.2;0.4;0.8;0.05;0.2;10;50;true;true;30000;2147483647;false;1;1381819;0.837581844;0;subpopulationSize;50
BEST_EFFORT_GENETIC;CREDITCARD;POPULATION_UNIQUENESS;5;0;false;2147483647;0.2;0.4;0.8;0.05;0.2;10;200;true;true;30000;2147483647;false;1;1472394;0.74857482;0;subpopulationSize;200
BEST_EFFORT_GENETIC;CREDITCARD;POPULATION_UNIQUENESS;5;0;false;2147483647;0.2;0.4;0.8;0.05;0.2;10;100;true;true;5000;2147483647;false;2;186558;0.700184739;0;eliteFraction;0.2
BEST_EFFORT_GENETIC;CREDITCARD;POPULATION_UNIQUENESS;5;0;false;2147483647;0.4;0.4;0.8;0.05;0.2;10;100;true;true;5000;2147483647;false;2;191515;0.698832465;0;eliteFraction;0.4
BEST_EFFORT_GENETIC;CREDITCARD;POPULATION_UNIQUENESS;5;0;false;2147483647;0.2;0.2;0.8;0.05;0.2;10;100;true;true;5000;2147483647;false;2;151332;0.687266769;0;crossoverFraction;0.2
BEST_EFFORT_GENETIC;CREDITCARD;POPULATION_UNIQUENESS;5;0;false;2147483647;0.2;0.6;0.8;0.05;0.2;10;100;true;true;5000;2147483647;false;2;146247;0.689724408;0;crossoverFraction;0.6
BEST_EFFORT_GENETIC;CREDITCARD;POPULATION_UNIQUENESS;5;0;false;2147483647;0.2;0.4;0.2;0.05;0.2;10;100;true;true;5000;2147483647;false;2;126129;0.709595992;0;productionFraction;0.2
BEST_EFFORT_GENETIC;CREDITCARD;POPULATION_UNIQUENESS;5;0;false;2147483647;0.2;0.4;0.4;0.05;0.2;10;100;true;true;5000;2147483647;false;2;171511;0.709387313;0;productionFraction;0.4
BEST_EFFORT_GENETIC;CREDITCARD;POPULATION_UNIQUENESS;5;0;false;2147483647;0.2;0.4;0.6;0.05;0.2;10;100;true;true;5000;2147483647;false;2;196532;0.690931606;0;productionFraction;0.6
BEST_EFFORT_GENETIC;CREDITCARD;POPULATION_UNIQUENESS;5;0;false;2147483647;0.2;0.4;0.8;0.025;0.2;10;100;true;true;5000;2147483647;false;2;161448;0.694107304;0;mutationProbability;0.025
BEST_EFFORT_GENETIC;CREDITCARD;POPULATION_UNIQUENESS;5;0;false;2147483647;0.2;0.4;0.8;0.1;0.2;10;100;true;true;5000;2147483647;false;2;191506;0.708434841;0;mutationProbability;0.1
BEST_EFFORT_GENETIC;CREDITCARD;POPULATION_UNIQUENESS;5;0;false;2147483647;0.2;0.4;0.8;0.05;0.4;10;100;true;true;5000;2147483647;false;2;161397;0.697758764;0;immigrationFraction;0.4
BEST_EFFORT_GENETIC;CREDITCARD;POPULATION_UNIQUENESS;5;0;false;2147483647;0.2;0.4;0.8;0.05;0.6;10;100;true;true;5000;2147483647;false;2;161386;0.695320622;0;immigrationFraction;0.6
BEST_EFFORT_GENETIC;CREDITCARD;POPULATION_UNIQUENESS;5;0;false;2147483647;0.2;0.4;0.8;0.05;0.8;10;100;true;true;5000;2147483647;false;2;141303;0.713138714;0;immigrationFraction;0.8
BEST_EFFORT_GENETIC;CREDITCARD;POPULATION_UNIQUENESS;5;0;false;2147483647;0.2;0.4;0.8;0.05;0.2;5;100;true;true;5000;2147483647;false;2;181482;0.697724445;0;immigrationInterval;5
BEST_EFFORT_GENETIC;CREDITCARD;POPULATION_UNIQUENESS;5;0;false;2147483647;0.2;0.4;0.8;0.05;0.2;20;100;true;true;5000;2147483647;false;2;171493;0.701914906;0;immigrationInterval;20
BEST_EFFORT_GENETIC;CREDITCARD;POPULATION_UNIQUENESS;5;0;false;2147483647;0.2;0.4;0.8;0.05;0.2;10;50;true;true;5000;2147483647;false;2;166452;0.727360298;0;subpopulationSize;50
BEST_EFFORT_GENETIC;CREDITCARD;POPULATION_UNIQUENESS;5;0;false;2147483647;0.2;0.4;0.8;0.05;0.2;10;200;true;true;5000;2147483647;false;2;166451;0.690773915;0;subpopulationSize;200
BEST_EFFORT_GENETIC;CREDITCARD;POPULATION_UNIQUENESS;5;0;false;2147483647;0.2;0.4;0.8;0.05;0.2;10;100;true;true;10000;2147483647;false;2;291434;0.743280565;0;eliteFraction;0.2
BEST_EFFORT_GENETIC;CREDITCARD;POPULATION_UNIQUENESS;5;0;false;2147483647;0.4;0.4;0.8;0.05;0.2;10;100;true;true;10000;2147483647;false;2;371480;0.752915184;0;eliteFraction;0.4
BEST_EFFORT_GENETIC;CREDITCARD;POPULATION_UNIQUENESS;5;0;false;2147483647;0.2;0.2;0.8;0.05;0.2;10;100;true;true;10000;2147483647;false;2;371599;0.728022467;0;crossoverFraction;0.2
BEST_EFFORT_GENETIC;CREDITCARD;POPULATION_UNIQUENESS;5;0;false;2147483647;0.2;0.6;0.8;0.05;0.2;10;100;true;true;10000;2147483647;false;2;431657;0.737160397;0;crossoverFraction;0.6
BEST_EFFORT_GENETIC;CREDITCARD;POPULATION_UNIQUENESS;5;0;false;2147483647;0.2;0.4;0.2;0.05;0.2;10;100;true;true;10000;2147483647;false;2;411928;0.77641252;0;productionFraction;0.2
BEST_EFFORT_GENETIC;CREDITCARD;POPULATION_UNIQUENESS;5;0;false;2147483647;0.2;0.4;0.4;0.05;0.2;10;100;true;true;10000;2147483647;false;2;391669;0.747319415;0;productionFraction;0.4
BEST_EFFORT_GENETIC;CREDITCARD;POPULATION_UNIQUENESS;5;0;false;2147483647;0.2;0.4;0.6;0.05;0.2;10;100;true;true;10000;2147483647;false;2;451943;0.742640912;0;productionFraction;0.6
BEST_EFFORT_GENETIC;CREDITCARD;POPULATION_UNIQUENESS;5;0;false;2147483647;0.2;0.4;0.8;0.025;0.2;10;100;true;true;10000;2147483647;false;2;441867;0.758315966;0;mutationProbability;0.025
BEST_EFFORT_GENETIC;CREDITCARD;POPULATION_UNIQUENESS;5;0;false;2147483647;0.2;0.4;0.8;0.1;0.2;10;100;true;true;10000;2147483647;false;2;422007;0.740553065;0;mutationProbability;0.1
BEST_EFFORT_GENETIC;CREDITCARD;POPULATION_UNIQUENESS;5;0;false;2147483647;0.2;0.4;0.8;0.05;0.4;10;100;true;true;10000;2147483647;false;2;351543;0.744914298;0;immigrationFraction;0.4
BEST_EFFORT_GENETIC;CREDITCARD;POPULATION_UNIQUENESS;5;0;false;2147483647;0.2;0.4;0.8;0.05;0.6;10;100;true;true;10000;2147483647;false;2;451980;0.739631154;0;immigrationFraction;0.6
BEST_EFFORT_GENETIC;CREDITCARD;POPULATION_UNIQUENESS;5;0;false;2147483647;0.2;0.4;0.8;0.05;0.8;10;100;true;true;10000;2147483647;false;2;411845;0.745706809;0;immigrationFraction;0.8
BEST_EFFORT_GENETIC;CREDITCARD;POPULATION_UNIQUENESS;5;0;false;2147483647;0.2;0.4;0.8;0.05;0.2;5;100;true;true;10000;2147483647;false;2;361659;0.742635013;0;immigrationInterval;5
BEST_EFFORT_GENETIC;CREDITCARD;POPULATION_UNIQUENESS;5;0;false;2147483647;0.2;0.4;0.8;0.05;0.2;20;100;true;true;10000;2147483647;false;2;391725;0.755499196;0;immigrationInterval;20
BEST_EFFORT_GENETIC;CREDITCARD;POPULATION_UNIQUENESS;5;0;false;2147483647;0.2;0.4;0.8;0.05;0.2;10;50;true;true;10000;2147483647;false;2;411763;0.778049217;0;subpopulationSize;50
BEST_EFFORT_GENETIC;CREDITCARD;POPULATION_UNIQUENESS;5;0;false;2147483647;0.2;0.4;0.8;0.05;0.2;10;200;true;true;10000;2147483647;false;2;301450;0.692368441;0;subpopulationSize;200
BEST_EFFORT_GENETIC;CREDITCARD;POPULATION_UNIQUENESS;5;0;false;2147483647;0.2;0.4;0.8;0.05;0.2;10;100;true;true;20000;2147483647;false;2;921919;0.76009366;0;eliteFraction;0.2
BEST_EFFORT_GENETIC;CREDITCARD;POPULATION_UNIQUENESS;5;0;false;2147483647;0.4;0.4;0.8;0.05;0.2;10;100;true;true;20000;2147483647;false;2;982079;0.806154331;0;eliteFraction;0.4
BEST_EFFORT_GENETIC;CREDITCARD;POPULATION_UNIQUENESS;5;0;false;2147483647;0.2;0.2;0.8;0.05;0.2;10;100;true;true;20000;2147483647;false;2;821823;0.800480379;0;crossoverFraction;0.2
BEST_EFFORT_GENETIC;CREDITCARD;POPULATION_UNIQUENESS;5;0;false;2147483647;0.2;0.6;0.8;0.05;0.2;10;100;true;true;20000;2147483647;false;2;901919;0.794839578;0;crossoverFraction;0.6
BEST_EFFORT_GENETIC;CREDITCARD;POPULATION_UNIQUENESS;5;0;false;2147483647;0.2;0.4;0.2;0.05;0.2;10;100;true;true;20000;2147483647;false;2;881837;0.836606935;0;productionFraction;0.2
BEST_EFFORT_GENETIC;CREDITCARD;POPULATION_UNIQUENESS;5;0;false;2147483647;0.2;0.4;0.4;0.05;0.2;10;100;true;true;20000;2147483647;false;2;1122390;0.770896303;0;productionFraction;0.4
BEST_EFFORT_GENETIC;CREDITCARD;POPULATION_UNIQUENESS;5;0;false;2147483647;0.2;0.4;0.6;0.05;0.2;10;100;true;true;20000;2147483647;false;2;901856;0.83744392;0;productionFraction;0.6
BEST_EFFORT_GENETIC;CREDITCARD;POPULATION_UNIQUENESS;5;0;false;2147483647;0.2;0.4;0.8;0.025;0.2;10;100;true;true;20000;2147483647;false;2;841804;0.783687312;0;mutationProbability;0.025
BEST_EFFORT_GENETIC;CREDITCARD;POPULATION_UNIQUENESS;5;0;false;2147483647;0.2;0.4;0.8;0.1;0.2;10;100;true;true;20000;2147483647;false;2;761715;0.765685723;0;mutationProbability;0.1
BEST_EFFORT_GENETIC;CREDITCARD;POPULATION_UNIQUENESS;5;0;false;2147483647;0.2;0.4;0.8;0.05;0.4;10;100;true;true;20000;2147483647;false;2;961954;0.853356714;0;immigrationFraction;0.4
BEST_EFFORT_GENETIC;CREDITCARD;POPULATION_UNIQUENESS;5;0;false;2147483647;0.2;0.4;0.8;0.05;0.6;10;100;true;true;20000;2147483647;false;2;941936;0.77173276;0;immigrationFraction;0.6
BEST_EFFORT_GENETIC;CREDITCARD;POPULATION_UNIQUENESS;5;0;false;2147483647;0.2;0.4;0.8;0.05;0.8;10;100;true;true;20000;2147483647;false;2;982130;0.785108598;0;immigrationFraction;0.8
BEST_EFFORT_GENETIC;CREDITCARD;POPULATION_UNIQUENESS;5;0;false;2147483647;0.2;0.4;0.8;0.05;0.2;5;100;true;true;20000;2147483647;false;2;721590;0.806681045;0;immigrationInterval;5
BEST_EFFORT_GENETIC;CREDITCARD;POPULATION_UNIQUENESS;5;0;false;2147483647;0.2;0.4;0.8;0.05;0.2;20;100;true;true;20000;2147483647;false;2;921932;0.791968672;0;immigrationInterval;20
BEST_EFFORT_GENETIC;CREDITCARD;POPULATION_UNIQUENESS;5;0;false;2147483647;0.2;0.4;0.8;0.05;0.2;10;50;true;true;20000;2147483647;false;2;841617;0.832057249;0;subpopulationSize;50
BEST_EFFORT_GENETIC;CREDITCARD;POPULATION_UNIQUENESS;5;0;false;2147483647;0.2;0.4;0.8;0.05;0.2;10;200;true;true;20000;2147483647;false;2;901901;0.75524064;0;subpopulationSize;200
BEST_EFFORT_GENETIC;CREDITCARD;POPULATION_UNIQUENESS;5;0;false;2147483647;0.2;0.4;0.8;0.05;0.2;10;100;true;true;30000;2147483647;false;2;1141469;0.865220145;0;eliteFraction;0.2
BEST_EFFORT_GENETIC;CREDITCARD;POPULATION_UNIQUENESS;5;0;false;2147483647;0.4;0.4;0.8;0.05;0.2;10;100;true;true;30000;2147483647;false;2;1351961;0.864404882;0;eliteFraction;0.4
BEST_EFFORT_GENETIC;CREDITCARD;POPULATION_UNIQUENESS;5;0;false;2147483647;0.2;0.2;0.8;0.05;0.2;10;100;true;true;30000;2147483647;false;2;1261909;0.837571643;0;crossoverFraction;0.2
BEST_EFFORT_GENETIC;CREDITCARD;POPULATION_UNIQUENESS;5;0;false;2147483647;0.2;0.6;0.8;0.05;0.2;10;100;true;true;30000;2147483647;false;2;1411943;0.855414592;0;crossoverFraction;0.6
BEST_EFFORT_GENETIC;CREDITCARD;POPULATION_UNIQUENESS;5;0;false;2147483647;0.2;0.4;0.2;0.05;0.2;10;100;true;true;30000;2147483647;false;2;1111272;0.897927652;0;productionFraction;0.2
BEST_EFFORT_GENETIC;CREDITCARD;POPULATION_UNIQUENESS;5;0;false;2147483647;0.2;0.4;0.4;0.05;0.2;10;100;true;true;30000;2147483647;false;2;1261691;0.861633045;0;productionFraction;0.4
BEST_EFFORT_GENETIC;CREDITCARD;POPULATION_UNIQUENESS;5;0;false;2147483647;0.2;0.4;0.6;0.05;0.2;10;100;true;true;30000;2147483647;false;2;1021431;0.913992911;0;productionFraction;0.6
BEST_EFFORT_GENETIC;CREDITCARD;POPULATION_UNIQUENESS;5;0;false;2147483647;0.2;0.4;0.8;0.025;0.2;10;100;true;true;30000;2147483647;false;2;1411962;0.797900771;0;mutationProbability;0.025
BEST_EFFORT_GENETIC;CREDITCARD;POPULATION_UNIQUENESS;5;0;false;2147483647;0.2;0.4;0.8;0.1;0.2;10;100;true;true;30000;2147483647;false;2;1111555;0.864907533;0;mutationProbability;0.1
BEST_EFFORT_GENETIC;CREDITCARD;POPULATION_UNIQUENESS;5;0;false;2147483647;0.2;0.4;0.8;0.05;0.4;10;100;true;true;30000;2147483647;false;2;1231580;0.866294138;0;immigrationFraction;0.4
BEST_EFFORT_GENETIC;CREDITCARD;POPULATION_UNIQUENESS;5;0;false;2147483647;0.2;0.4;0.8;0.05;0.6;10;100;true;true;30000;2147483647;false;2;1471863;0.835226057;0;immigrationFraction;0.6
BEST_EFFORT_GENETIC;CREDITCARD;POPULATION_UNIQUENESS;5;0;false;2147483647;0.2;0.4;0.8;0.05;0.8;10;100;true;true;30000;2147483647;false;2;1261666;0.841687103;0;immigrationFraction;0.8
BEST_EFFORT_GENETIC;CREDITCARD;POPULATION_UNIQUENESS;5;0;false;2147483647;0.2;0.4;0.8;0.05;0.2;5;100;true;true;30000;2147483647;false;2;1291665;0.8698721;0;immigrationInterval;5
BEST_EFFORT_GENETIC;CREDITCARD;POPULATION_UNIQUENESS;5;0;false;2147483647;0.2;0.4;0.8;0.05;0.2;20;100;true;true;30000;2147483647;false;2;1321735;0.876735945;0;immigrationInterval;20
BEST_EFFORT_GENETIC;CREDITCARD;POPULATION_UNIQUENESS;5;0;false;2147483647;0.2;0.4;0.8;0.05;0.2;10;50;true;true;30000;2147483647;false;2;1471846;0.863171886;0;subpopulationSize;50
BEST_EFFORT_GENETIC;CREDITCARD;POPULATION_UNIQUENESS;5;0;false;2147483647;0.2;0.4;0.8;0.05;0.2;10;200;true;true;30000;2147483647;false;2;1532100;0.82085408;0;subpopulationSize;200
BEST_EFFORT_GENETIC;CREDITCARD;POPULATION_UNIQUENESS;5;0;false;2147483647;0.2;0.4;0.8;0.05;0.2;10;100;true;true;5000;2147483647;false;3;136207;0.68817718;0;eliteFraction;0.2
BEST_EFFORT_GENETIC;CREDITCARD;POPULATION_UNIQUENESS;5;0;false;2147483647;0.4;0.4;0.8;0.05;0.2;10;100;true;true;5000;2147483647;false;3;156249;0.691177577;0;eliteFraction;0.4
BEST_EFFORT_GENETIC;CREDITCARD;POPULATION_UNIQUENESS;5;0;false;2147483647;0.2;0.2;0.8;0.05;0.2;10;100;true;true;5000;2147483647;false;3;131248;0.687475885;0;crossoverFraction;0.2
BEST_EFFORT_GENETIC;CREDITCARD;POPULATION_UNIQUENESS;5;0;false;2147483647;0.2;0.6;0.8;0.05;0.2;10;100;true;true;5000;2147483647;false;3;131103;0.695257784;0;crossoverFraction;0.6
BEST_EFFORT_GENETIC;CREDITCARD;POPULATION_UNIQUENESS;5;0;false;2147483647;0.2;0.4;0.2;0.05;0.2;10;100;true;true;5000;2147483647;false;3;176329;0.700679731;0;productionFraction;0.2
BEST_EFFORT_GENETIC;CREDITCARD;POPULATION_UNIQUENESS;5;0;false;2147483647;0.2;0.4;0.4;0.05;0.2;10;100;true;true;5000;2147483647;false;3;181443;0.735128803;0;productionFraction;0.4
BEST_EFFORT_GENETIC;CREDITCARD;POPULATION_UNIQUENESS;5;0;false;2147483647;0.2;0.4;0.6;0.05;0.2;10;100;true;true;5000;2147483647;false;3;166459;0.698339841;0;productionFraction;0.6
BEST_EFFORT_GENETIC;CREDITCARD;POPULATION_UNIQUENESS;5;0;false;2147483647;0.2;0.4;0.8;0.025;0.2;10;100;true;true;5000;2147483647;false;3;151172;0.688022559;0;mutationProbability;0.025
BEST_EFFORT_GENETIC;CREDITCARD;POPULATION_UNIQUENESS;5;0;false;2147483647;0.2;0.4;0.8;0.1;0.2;10;100;true;true;5000;2147483647;false;3;156260;0.703337497;0;mutationProbability;0.1
BEST_EFFORT_GENETIC;CREDITCARD;POPULATION_UNIQUENESS;5;0;false;2147483647;0.2;0.4;0.8;0.05;0.4;10;100;true;true;5000;2147483647;false;3;161386;0.699349035;0;immigrationFraction;0.4
BEST_EFFORT_GENETIC;CREDITCARD;POPULATION_UNIQUENESS;5;0;false;2147483647;0.2;0.4;0.8;0.05;0.6;10;100;true;true;5000;2147483647;false;3;171413;0.708217742;0;immigrationFraction;0.6
BEST_EFFORT_GENETIC;CREDITCARD;POPULATION_UNIQUENESS;5;0;false;2147483647;0.2;0.4;0.8;0.05;0.8;10;100;true;true;5000;2147483647;false;3;151329;0.692278838;0;immigrationFraction;0.8
BEST_EFFORT_GENETIC;CREDITCARD;POPULATION_UNIQUENESS;5;0;false;2147483647;0.2;0.4;0.8;0.05;0.2;5;100;true;true;5000;2147483647;false;3;146259;0.697498952;0;immigrationInterval;5
BEST_EFFORT_GENETIC;CREDITCARD;POPULATION_UNIQUENESS;5;0;false;2147483647;0.2;0.4;0.8;0.05;0.2;20;100;true;true;5000;2147483647;false;3;141267;0.703607744;0;immigrationInterval;20
BEST_EFFORT_GENETIC;CREDITCARD;POPULATION_UNIQUENESS;5;0;false;2147483647;0.2;0.4;0.8;0.05;0.2;10;50;true;true;5000;2147483647;false;3;206631;0.716121499;0;subpopulationSize;50
BEST_EFFORT_GENETIC;CREDITCARD;POPULATION_UNIQUENESS;5;0;false;2147483647;0.2;0.4;0.8;0.05;0.2;10;200;true;true;5000;2147483647;false;3;176439;0.684897984;0;subpopulationSize;200
BEST_EFFORT_GENETIC;CREDITCARD;POPULATION_UNIQUENESS;5;0;false;2147483647;0.2;0.4;0.8;0.05;0.2;10;100;true;true;10000;2147483647;false;3;401456;0.786963554;0;eliteFraction;0.2
BEST_EFFORT_GENETIC;CREDITCARD;POPULATION_UNIQUENESS;5;0;false;2147483647;0.4;0.4;0.8;0.05;0.2;10;100;true;true;10000;2147483647;false;3;381690;0.735618075;0;eliteFraction;0.4
BEST_EFFORT_GENETIC;CREDITCARD;POPULATION_UNIQUENESS;5;0;false;2147483647;0.2;0.2;0.8;0.05;0.2;10;100;true;true;10000;2147483647;false;3;391543;0.745078877;0;crossoverFraction;0.2
BEST_EFFORT_GENETIC;CREDITCARD;POPULATION_UNIQUENESS;5;0;false;2147483647;0.2;0.6;0.8;0.05;0.2;10;100;true;true;10000;2147483647;false;3;431650;0.769943095;0;crossoverFraction;0.6
BEST_EFFORT_GENETIC;CREDITCARD;POPULATION_UNIQUENESS;5;0;false;2147483647;0.2;0.4;0.2;0.05;0.2;10;100;true;true;10000;2147483647;false;3;421642;0.783592898;0;productionFraction;0.2
BEST_EFFORT_GENETIC;CREDITCARD;POPULATION_UNIQUENESS;5;0;false;2147483647;0.2;0.4;0.4;0.05;0.2;10;100;true;true;10000;2147483647;false;3;451783;0.772552133;0;productionFraction;0.4
BEST_EFFORT_GENETIC;CREDITCARD;POPULATION_UNIQUENESS;5;0;false;2147483647;0.2;0.4;0.6;0.05;0.2;10;100;true;true;10000;2147483647;false;3;371754;0.709904853;0;productionFraction;0.6
BEST_EFFORT_GENETIC;CREDITCARD;POPULATION_UNIQUENESS;5;0;false;2147483647;0.2;0.4;0.8;0.025;0.2;10;100;true;true;10000;2147483647;false;3;471936;0.76810756;0;mutationProbability;0.025
BEST_EFFORT_GENETIC;CREDITCARD;POPULATION_UNIQUENESS;5;0;false;2147483647;0.2;0.4;0.8;0.1;0.2;10;100;true;true;10000;2147483647;false;3;351626;0.711363768;0;mutationProbability;0.1
BEST_EFFORT_GENETIC;CREDITCARD;POPULATION_UNIQUENESS;5;0;false;2147483647;0.2;0.4;0.8;0.05;0.4;10;100;true;true;10000;2147483647;false;3;391458;0.746397743;0;immigrationFraction;0.4
BEST_EFFORT_GENETIC;CREDITCARD;POPULATION_UNIQUENESS;5;0;false;2147483647;0.2;0.4;0.8;0.05;0.6;10;100;true;true;10000;2147483647;false;3;411677;0.73597444;0;immigrationFraction;0.6
BEST_EFFORT_GENETIC;CREDITCARD;POPULATION_UNIQUENESS;5;0;false;2147483647;0.2;0.4;0.8;0.05;0.8;10;100;true;true;10000;2147483647;false;3;421605;0.760882831;0;immigrationFraction;0.8
BEST_EFFORT_GENETIC;CREDITCARD;POPULATION_UNIQUENESS;5;0;false;2147483647;0.2;0.4;0.8;0.05;0.2;5;100;true;true;10000;2147483647;false;3;351461;0.751865355;0;immigrationInterval;5
BEST_EFFORT_GENETIC;CREDITCARD;POPULATION_UNIQUENESS;5;0;false;2147483647;0.2;0.4;0.8;0.05;0.2;20;100;true;true;10000;2147483647;false;3;451850;0.735144712;0;immigrationInterval;20
BEST_EFFORT_GENETIC;CREDITCARD;POPULATION_UNIQUENESS;5;0;false;2147483647;0.2;0.4;0.8;0.05;0.2;10;50;true;true;10000;2147483647;false;3;451658;0.807335981;0;subpopulationSize;50
BEST_EFFORT_GENETIC;CREDITCARD;POPULATION_UNIQUENESS;5;0;false;2147483647;0.2;0.4;0.8;0.05;0.2;10;200;true;true;10000;2147483647;false;3;341408;0.718517251;0;subpopulationSize;200
BEST_EFFORT_GENETIC;CREDITCARD;POPULATION_UNIQUENESS;5;0;false;2147483647;0.2;0.4;0.8;0.05;0.2;10;100;true;true;20000;2147483647;false;3;881904;0.795579236;0;eliteFraction;0.2
BEST_EFFORT_GENETIC;CREDITCARD;POPULATION_UNIQUENESS;5;0;false;2147483647;0.4;0.4;0.8;0.05;0.2;10;100;true;true;20000;2147483647;false;3;1042116;0.787589394;0;eliteFraction;0.4
BEST_EFFORT_GENETIC;CREDITCARD;POPULATION_UNIQUENESS;5;0;false;2147483647;0.2;0.2;0.8;0.05;0.2;10;100;true;true;20000;2147483647;false;3;801546;0.826448886;0;crossoverFraction;0.2
BEST_EFFORT_GENETIC;CREDITCARD;POPULATION_UNIQUENESS;5;0;false;2147483647;0.2;0.6;0.8;0.05;0.2;10;100;true;true;20000;2147483647;false;3;881986;0.785438118;0;crossoverFraction;0.6
BEST_EFFORT_GENETIC;CREDITCARD;POPULATION_UNIQUENESS;5;0;false;2147483647;0.2;0.4;0.2;0.05;0.2;10;100;true;true;20000;2147483647;false;3;661328;0.867627971;0;productionFraction;0.2
BEST_EFFORT_GENETIC;CREDITCARD;POPULATION_UNIQUENESS;5;0;false;2147483647;0.2;0.4;0.4;0.05;0.2;10;100;true;true;20000;2147483647;false;3;841881;0.811576177;0;productionFraction;0.4
BEST_EFFORT_GENETIC;CREDITCARD;POPULATION_UNIQUENESS;5;0;false;2147483647;0.2;0.4;0.6;0.05;0.2;10;100;true;true;20000;2147483647;false;3;821626;0.841809967;0;productionFraction;0.6
BEST_EFFORT_GENETIC;CREDITCARD;POPULATION_UNIQUENESS;5;0;false;2147483647;0.2;0.4;0.8;0.025;0.2;10;100;true;true;20000;2147483647;false;3;661420;0.845627243;0;mutationProbability;0.025
BEST_EFFORT_GENETIC;CREDITCARD;POPULATION_UNIQUENESS;5;0;false;2147483647;0.2;0.4;0.8;0.1;0.2;10;100;true;true;20000;2147483647;false;3;881946;0.771172585;0;mutationProbability;0.1
BEST_EFFORT_GENETIC;CREDITCARD;POPULATION_UNIQUENESS;5;0;false;2147483647;0.2;0.4;0.8;0.05;0.4;10;100;true;true;20000;2147483647;false;3;861858;0.80716717;0;immigrationFraction;0.4
BEST_EFFORT_GENETIC;CREDITCARD;POPULATION_UNIQUENESS;5;0;false;2147483647;0.2;0.4;0.8;0.05;0.6;10;100;true;true;20000;2147483647;false;3;822005;0.759112966;0;immigrationFraction;0.6
BEST_EFFORT_GENETIC;CREDITCARD;POPULATION_UNIQUENESS;5;0;false;2147483647;0.2;0.4;0.8;0.05;0.8;10;100;true;true;20000;2147483647;false;3;821711;0.805153561;0;immigrationFraction;0.8
BEST_EFFORT_GENETIC;CREDITCARD;POPULATION_UNIQUENESS;5;0;false;2147483647;0.2;0.4;0.8;0.05;0.2;5;100;true;true;20000;2147483647;false;3;861685;0.825842857;0;immigrationInterval;5
BEST_EFFORT_GENETIC;CREDITCARD;POPULATION_UNIQUENESS;5;0;false;2147483647;0.2;0.4;0.8;0.05;0.2;20;100;true;true;20000;2147483647;false;3;781715;0.80525113;0;immigrationInterval;20
BEST_EFFORT_GENETIC;CREDITCARD;POPULATION_UNIQUENESS;5;0;false;2147483647;0.2;0.4;0.8;0.05;0.2;10;50;true;true;20000;2147483647;false;3;881882;0.799987773;0;subpopulationSize;50
BEST_EFFORT_GENETIC;CREDITCARD;POPULATION_UNIQUENESS;5;0;false;2147483647;0.2;0.4;0.8;0.05;0.2;10;200;true;true;20000;2147483647;false;3;941891;0.773926852;0;subpopulationSize;200
BEST_EFFORT_GENETIC;CREDITCARD;POPULATION_UNIQUENESS;5;0;false;2147483647;0.2;0.4;0.8;0.05;0.2;10;100;true;true;30000;2147483647;false;3;1381882;0.841145306;0;eliteFraction;0.2
BEST_EFFORT_GENETIC;CREDITCARD;POPULATION_UNIQUENESS;5;0;false;2147483647;0.4;0.4;0.8;0.05;0.2;10;100;true;true;30000;2147483647;false;3;1382055;0.819424231;0;eliteFraction;0.4
BEST_EFFORT_GENETIC;CREDITCARD;POPULATION_UNIQUENESS;5;0;false;2147483647;0.2;0.2;0.8;0.05;0.2;10;100;true;true;30000;2147483647;false;3;1171621;0.879827104;0;crossoverFraction;0.2
BEST_EFFORT_GENETIC;CREDITCARD;POPULATION_UNIQUENESS;5;0;false;2147483647;0.2;0.6;0.8;0.05;0.2;10;100;true;true;30000;2147483647;false;3;1442095;0.758177659;0;crossoverFraction;0.6
BEST_EFFORT_GENETIC;CREDITCARD;POPULATION_UNIQUENESS;5;0;false;2147483647;0.2;0.4;0.2;0.05;0.2;10;100;true;true;30000;2147483647;false;3;961405;0.876240273;0;productionFraction;0.2
BEST_EFFORT_GENETIC;CREDITCARD;POPULATION_UNIQUENESS;5;0;false;2147483647;0.2;0.4;0.4;0.05;0.2;10;100;true;true;30000;2147483647;false;3;1321922;0.807739366;0;productionFraction;0.4
BEST_EFFORT_GENETIC;CREDITCARD;POPULATION_UNIQUENESS;5;0;false;2147483647;0.2;0.4;0.6;0.05;0.2;10;100;true;true;30000;2147483647;false;3;1201597;0.866281344;0;productionFraction;0.6
BEST_EFFORT_GENETIC;CREDITCARD;POPULATION_UNIQUENESS;5;0;false;2147483647;0.2;0.4;0.8;0.025;0.2;10;100;true;true;30000;2147483647;false;3;1291619;0.865216157;0;mutationProbability;0.025
BEST_EFFORT_GENETIC;CREDITCARD;POPULATION_UNIQUENESS;5;0;false;2147483647;0.2;0.4;0.8;0.1;0.2;10;100;true;true;30000;2147483647;false;3;1382110;0.828670081;0;mutationProbability;0.1
BEST_EFFORT_GENETIC;CREDITCARD;POPULATION_UNIQUENESS;5;0;false;2147483647;0.2;0.4;0.8;0.05;0.4;10;100;true;true;30000;2147483647;false;3;1472223;0.810087026;0;immigrationFraction;0.4
BEST_EFFORT_GENETIC;CREDITCARD;POPULATION_UNIQUENESS;5;0;false;2147483647;0.2;0.4;0.8;0.05;0.6;10;100;true;true;30000;2147483647;false;3;1322005;0.809249364;0;immigrationFraction;0.6
BEST_EFFORT_GENETIC;CREDITCARD;POPULATION_UNIQUENESS;5;0;false;2147483647;0.2;0.4;0.8;0.05;0.8;10;100;true;true;30000;2147483647;false;3;1351982;0.864639935;0;immigrationFraction;0.8
BEST_EFFORT_GENETIC;CREDITCARD;POPULATION_UNIQUENESS;5;0;false;2147483647;0.2;0.4;0.8;0.05;0.2;5;100;true;true;30000;2147483647;false;3;1442149;0.818910135;0;immigrationInterval;5
BEST_EFFORT_GENETIC;CREDITCARD;POPULATION_UNIQUENESS;5;0;false;2147483647;0.2;0.4;0.8;0.05;0.2;20;100;true;true;30000;2147483647;false;3;1321910;0.833023102;0;immigrationInterval;20
BEST_EFFORT_GENETIC;CREDITCARD;POPULATION_UNIQUENESS;5;0;false;2147483647;0.2;0.4;0.8;0.05;0.2;10;50;true;true;30000;2147483647;false;3;1381775;0.859393417;0;subpopulationSize;50
BEST_EFFORT_GENETIC;CREDITCARD;POPULATION_UNIQUENESS;5;0;false;2147483647;0.2;0.4;0.8;0.05;0.2;10;200;true;true;30000;2147483647;false;3;1322010;0.766275422;0;subpopulationSize;200
BEST_EFFORT_GENETIC;CREDITCARD;POPULATION_UNIQUENESS;5;0;false;2147483647;0.2;0.4;0.8;0.05;0.2;10;100;true;true;5000;2147483647;false;4;181534;0.71090881;0;eliteFraction;0.2
BEST_EFFORT_GENETIC;CREDITCARD;POPULATION_UNIQUENESS;5;0;false;2147483647;0.4;0.4;0.8;0.05;0.2;10;100;true;true;5000;2147483647;false;4;151447;0.683030856;0;eliteFraction;0.4
BEST_EFFORT_GENETIC;CREDITCARD;POPULATION_UNIQUENESS;5;0;false;2147483647;0.2;0.2;0.8;0.05;0.2;10;100;true;true;5000;2147483647;false;4;161447;0.68595608;0;crossoverFraction;0.2
BEST_EFFORT_GENETIC;CREDITCARD;POPULATION_UNIQUENESS;5;0;false;2147483647;0.2;0.6;0.8;0.05;0.2;10;100;true;true;5000;2147483647;false;4;181560;0.69905366;0;crossoverFraction;0.6
BEST_EFFORT_GENETIC;CREDITCARD;POPULATION_UNIQUENESS;5;0;false;2147483647;0.2;0.4;0.2;0.05;0.2;10;100;true;true;5000;2147483647;false;4;191638;0.701433637;0;productionFraction;0.2
BEST_EFFORT_GENETIC;CREDITCARD;POPULATION_UNIQUENESS;5;0;false;2147483647;0.2;0.4;0.4;0.05;0.2;10;100;true;true;5000;2147483647;false;4;151363;0.691026948;0;productionFraction;0.4
BEST_EFFORT_GENETIC;CREDITCARD;POPULATION_UNIQUENESS;5;0;false;2147483647;0.2;0.4;0.6;0.05;0.2;10;100;true;true;5000;2147483647;false;4;196592;0.713468136;0;productionFraction;0.6
BEST_EFFORT_GENETIC;CREDITCARD;POPULATION_UNIQUENESS;5;0;false;2147483647;0.2;0.4;0.8;0.025;0.2;10;100;true;true;5000;2147483647;false;4;131212;0.698492181;0;mutationProbability;0.025
BEST_EFFORT_GENETIC;CREDITCARD;POPULATION_UNIQUENESS;5;0;false;2147483647;0.2;0.4;0.8;0.1;0.2;10;100;true;true;5000;2147483647;false;4;146179;0.697561905;0;mutationProbability;0.1
BEST_EFFORT_GENETIC;CREDITCARD;POPULATION_UNIQUENESS;5;0;false;2147483647;0.2;0.4;0.8;0.05;0.4;10;100;true;true;5000;2147483647;false;4;196538;0.703077914;0;immigrationFraction;0.4
BEST_EFFORT_GENETIC;CREDITCARD;POPULATION_UNIQUENESS;5;0;false;2147483647;0.2;0.4;0.8;0.05;0.6;10;100;true;true;5000;2147483647;false;4;166266;0.707075148;0;immigrationFraction;0.6
BEST_EFFORT_GENETIC;CREDITCARD;POPULATION_UNIQUENESS;5;0;false;2147483647;0.2;0.4;0.8;0.05;0.8;10;100;true;true;5000;2147483647;false;4;156178;0.70824297;0;immigrationFraction;0.8
BEST_EFFORT_GENETIC;CREDITCARD;POPULATION_UNIQUENESS;5;0;false;2147483647;0.2;0.4;0.8;0.05;0.2;5;100;true;true;5000;2147483647;false;4;100935;0.688946617;0;immigrationInterval;5
BEST_EFFORT_GENETIC;CREDITCARD;POPULATION_UNIQUENESS;5;0;false;2147483647;0.2;0.4;0.8;0.05;0.2;20;100;true;true;5000;2147483647;false;4;186317;0.700626993;0;immigrationInterval;20
BEST_EFFORT_GENETIC;CREDITCARD;POPULATION_UNIQUENESS;5;0;false;2147483647;0.2;0.4;0.8;0.05;0.2;10;50;true;true;5000;2147483647;false;4;221727;0.729765931;0;subpopulationSize;50
BEST_EFFORT_GENETIC;CREDITCARD;POPULATION_UNIQUENESS;5;0;false;2147483647;0.2;0.4;0.8;0.05;0.2;10;200;true;true;5000;2147483647;false;4;186597;0.702746847;0;subpopulationSize;200
BEST_EFFORT_GENETIC;CREDITCARD;POPULATION_UNIQUENESS;5;0;false;2147483647;0.2;0.4;0.8;0.05;0.2;10;100;true;true;10000;2147483647;false;4;421718;0.744525186;0;eliteFraction;0.2
BEST_EFFORT_GENETIC;CREDITCARD;POPULATION_UNIQUENESS;5;0;false;2147483647;0.4;0.4;0.8;0.05;0.2;10;100;true;true;10000;2147483647;false;4;421771;0.750867149;0;eliteFraction;0.4
BEST_EFFORT_GENETIC;CREDITCARD;POPULATION_UNIQUENESS;5;0;false;2147483647;0.2;0.2;0.8;0.05;0.2;10;100;true;true;10000;2147483647;false;4;381579;0.718708523;0;crossoverFraction;0.2
BEST_EFFORT_GENETIC;CREDITCARD;POPULATION_UNIQUENESS;5;0;false;2147483647;0.2;0.6;0.8;0.05;0.2;10;100;true;true;10000;2147483647;false;4;371570;0.74317713;0;crossoverFraction;0.6
BEST_EFFORT_GENETIC;CREDITCARD;POPULATION_UNIQUENESS;5;0;false;2147483647;0.2;0.4;0.2;0.05;0.2;10;100;true;true;10000;2147483647;false;4;401578;0.754639968;0;productionFraction;0.2
BEST_EFFORT_GENETIC;CREDITCARD;POPULATION_UNIQUENESS;5;0;false;2147483647;0.2;0.4;0.4;0.05;0.2;10;100;true;true;10000;2147483647;false;4;481913;0.786349049;0;productionFraction;0.4
BEST_EFFORT_GENETIC;CREDITCARD;POPULATION_UNIQUENESS;5;0;false;2147483647;0.2;0.4;0.6;0.05;0.2;10;100;true;true;10000;2147483647;false;4;491960;0.755630976;0;productionFraction;0.6
BEST_EFFORT_GENETIC;CREDITCARD;POPULATION_UNIQUENESS;5;0;false;2147483647;0.2;0.4;0.8;0.025;0.2;10;100;true;true;10000;2147483647;false;4;361612;0.709256621;0;mutationProbability;0.025
BEST_EFFORT_GENETIC;CREDITCARD;POPULATION_UNIQUENESS;5;0;false;2147483647;0.2;0.4;0.8;0.1;0.2;10;100;true;true;10000;2147483647;false;4;371587;0.756553918;0;mutationProbability;0.1
BEST_EFFORT_GENETIC;CREDITCARD;POPULATION_UNIQUENESS;5;0;false;2147483647;0.2;0.4;0.8;0.05;0.4;10;100;true;true;10000;2147483647;false;4;421725;0.746314814;0;immigrationFraction;0.4
BEST_EFFORT_GENETIC;CREDITCARD;POPULATION_UNIQUENESS;5;0;false;2147483647;0.2;0.4;0.8;0.05;0.6;10;100;true;true;10000;2147483647;false;4;401602;0.770024851;0;immigrationFraction;0.6
BEST_EFFORT_GENETIC;CREDITCARD;POPULATION_UNIQUENESS;5;0;false;2147483647;0.2;0.4;0.8;0.05;0.8;10;100;true;true;10000;2147483647;false;4;431713;0.765452226;0;immigrationFraction;0.8
BEST_EFFORT_GENETIC;CREDITCARD;POPULATION_UNIQUENESS;5;0;false;2147483647;0.2;0.4;0.8;0.05;0.2;5;100;true;true;10000;2147483647;false;4;381617;0.722294917;0;immigrationInterval;5
BEST_EFFORT_GENETIC;CREDITCARD;POPULATION_UNIQUENESS;5;0;false;2147483647;0.2;0.4;0.8;0.05;0.2;20;100;true;true;10000;2147483647;false;4;381611;0.731745324;0;immigrationInterval;20
BEST_EFFORT_GENETIC;CREDITCARD;POPULATION_UNIQUENESS;5;0;false;2147483647;0.2;0.4;0.8;0.05;0.2;10;50;true;true;10000;2147483647;false;4;421729;0.760838058;0;subpopulationSize;50
BEST_EFFORT_GENETIC;CREDITCARD;POPULATION_UNIQUENESS;5;0;false;2147483647;0.2;0.4;0.8;0.05;0.2;10;200;true;true;10000;2147483647;false;4;331486;0.692437934;0;subpopulationSize;200
BEST_EFFORT_GENETIC;CREDITCARD;POPULATION_UNIQUENESS;5;0;false;2147483647;0.2;0.4;0.8;0.05;0.2;10;100;true;true;20000;2147483647;false;4;941957;0.766489341;0;eliteFraction;0.2
BEST_EFFORT_GENETIC;CREDITCARD;POPULATION_UNIQUENESS;5;0;false;2147483647;0.4;0.4;0.8;0.05;0.2;10;100;true;true;20000;2147483647;false;4;841638;0.829893241;0;eliteFraction;0.4
BEST_EFFORT_GENETIC;CREDITCARD;POPULATION_UNIQUENESS;5;0;false;2147483647;0.2;0.2;0.8;0.05;0.2;10;100;true;true;20000;2147483647;false;4;941814;0.791167559;0;crossoverFraction;0.2
BEST_EFFORT_GENETIC;CREDITCARD;POPULATION_UNIQUENESS;5;0;false;2147483647;0.2;0.6;0.8;0.05;0.2;10;100;true;true;20000;2147483647;false;4;941907;0.75825202;0;crossoverFraction;0.6
BEST_EFFORT_GENETIC;CREDITCARD;POPULATION_UNIQUENESS;5;0;false;2147483647;0.2;0.4;0.2;0.05;0.2;10;100;true;true;20000;2147483647;false;4;901980;0.765820243;0;productionFraction;0.2
BEST_EFFORT_GENETIC;CREDITCARD;POPULATION_UNIQUENESS;5;0;false;2147483647;0.2;0.4;0.4;0.05;0.2;10;100;true;true;20000;2147483647;false;4;861627;0.822280058;0;productionFraction;0.4
BEST_EFFORT_GENETIC;CREDITCARD;POPULATION_UNIQUENESS;5;0;false;2147483647;0.2;0.4;0.6;0.05;0.2;10;100;true;true;20000;2147483647;false;4;781521;0.820195041;0;productionFraction;0.6
BEST_EFFORT_GENETIC;CREDITCARD;POPULATION_UNIQUENESS;5;0;false;2147483647;0.2;0.4;0.8;0.025;0.2;10;100;true;true;20000;2147483647;false;4;881735;0.854315688;0;mutationProbability;0.025
BEST_EFFORT_GENETIC;CREDITCARD;POPULATION_UNIQUENESS;5;0;false;2147483647;0.2;0.4;0.8;0.1;0.2;10;100;true;true;20000;2147483647;false;4;902063;0.741647247;0;mutationProbability;0.1
BEST_EFFORT_GENETIC;CREDITCARD;POPULATION_UNIQUENESS;5;0;false;2147483647;0.2;0.4;0.8;0.05;0.4;10;100;true;true;20000;2147483647;false;4;781602;0.880057674;0;immigrationFraction;0.4
BEST_EFFORT_GENETIC;CREDITCARD;POPULATION_UNIQUENESS;5;0;false;2147483647;0.2;0.4;0.8;0.05;0.6;10;100;true;true;20000;2147483647;false;4;861838;0.778729099;0;immigrationFraction;0.6
BEST_EFFORT_GENETIC;CREDITCARD;POPULATION_UNIQUENESS;5;0;false;2147483647;0.2;0.4;0.8;0.05;0.8;10;100;true;true;20000;2147483647;false;4;801643;0.805492292;0;immigrationFraction;0.8
BEST_EFFORT_GENETIC;CREDITCARD;POPULATION_UNIQUENESS;5;0;false;2147483647;0.2;0.4;0.8;0.05;0.2;5;100;true;true;20000;2147483647;false;4;962044;0.778512836;0;immigrationInterval;5
BEST_EFFORT_GENETIC;CREDITCARD;POPULATION_UNIQUENESS;5;0;false;2147483647;0.2;0.4;0.8;0.05;0.2;20;100;true;true;20000;2147483647;false;4;1022151;0.794037535;0;immigrationInterval;20
BEST_EFFORT_GENETIC;CREDITCARD;POPULATION_UNIQUENESS;5;0;false;2147483647;0.2;0.4;0.8;0.05;0.2;10;50;true;true;20000;2147483647;false;4;761536;0.859139774;0;subpopulationSize;50
BEST_EFFORT_GENETIC;CREDITCARD;POPULATION_UNIQUENESS;5;0;false;2147483647;0.2;0.4;0.8;0.05;0.2;10;200;true;true;20000;2147483647;false;4;841954;0.762253412;0;subpopulationSize;200
BEST_EFFORT_GENETIC;CREDITCARD;POPULATION_UNIQUENESS;5;0;false;2147483647;0.2;0.4;0.8;0.05;0.2;10;100;true;true;30000;2147483647;false;4;1171672;0.855636173;0;eliteFraction;0.2
BEST_EFFORT_GENETIC;CREDITCARD;POPULATION_UNIQUENESS;5;0;false;2147483647;0.4;0.4;0.8;0.05;0.2;10;100;true;true;30000;2147483647;false;4;1351947;0.821072793;0;eliteFraction;0.4
BEST_EFFORT_GENETIC;CREDITCARD;POPULATION_UNIQUENESS;5;0;false;2147483647;0.2;0.2;0.8;0.05;0.2;10;100;true;true;30000;2147483647;false;4;1381892;0.82390582;0;crossoverFraction;0.2
BEST_EFFORT_GENETIC;CREDITCARD;POPULATION_UNIQUENESS;5;0;false;2147483647;0.2;0.6;0.8;0.05;0.2;10;100;true;true;30000;2147483647;false;4;1231484;0.869851961;0;crossoverFraction;0.6
BEST_EFFORT_GENETIC;CREDITCARD;POPULATION_UNIQUENESS;5;0;false;2147483647;0.2;0.4;0.2;0.05;0.2;10;100;true;true;30000;2147483647;false;4;1291579;0.875212583;0;productionFraction;0.2
BEST_EFFORT_GENETIC;CREDITCARD;POPULATION_UNIQUENESS;5;0;false;2147483647;0.2;0.4;0.4;0.05;0.2;10;100;true;true;30000;2147483647;false;4;1111557;0.856911051;0;productionFraction;0.4
BEST_EFFORT_GENETIC;CREDITCARD;POPULATION_UNIQUENESS;5;0;false;2147483647;0.2;0.4;0.6;0.05;0.2;10;100;true;true;30000;2147483647;false;4;1351772;0.838428291;0;productionFraction;0.6
BEST_EFFORT_GENETIC;CREDITCARD;POPULATION_UNIQUENESS;5;0;false;2147483647;0.2;0.4;0.8;0.025;0.2;10;100;true;true;30000;2147483647;false;4;1382053;0.80024663;0;mutationProbability;0.025
BEST_EFFORT_GENETIC;CREDITCARD;POPULATION_UNIQUENESS;5;0;false;2147483647;0.2;0.4;0.8;0.1;0.2;10;100;true;true;30000;2147483647;false;4;1201796;0.895041085;0;mutationProbability;0.1
BEST_EFFORT_GENETIC;CREDITCARD;POPULATION_UNIQUENESS;5;0;false;2147483647;0.2;0.4;0.8;0.05;0.4;10;100;true;true;30000;2147483647;false;4;1231613;0.847477081;0;immigrationFraction;0.4
BEST_EFFORT_GENETIC;CREDITCARD;POPULATION_UNIQUENESS;5;0;false;2147483647;0.2;0.4;0.8;0.05;0.6;10;100;true;true;30000;2147483647;false;4;1051485;0.915678903;0;immigrationFraction;0.6
BEST_EFFORT_GENETIC;CREDITCARD;POPULATION_UNIQUENESS;5;0;false;2147483647;0.2;0.4;0.8;0.05;0.8;10;100;true;true;30000;2147483647;false;4;1171664;0.866366282;0;immigrationFraction;0.8
BEST_EFFORT_GENETIC;CREDITCARD;POPULATION_UNIQUENESS;5;0;false;2147483647;0.2;0.4;0.8;0.05;0.2;5;100;true;true;30000;2147483647;false;4;1592412;0.817218543;0;immigrationInterval;5
BEST_EFFORT_GENETIC;CREDITCARD;POPULATION_UNIQUENESS;5;0;false;2147483647;0.2;0.4;0.8;0.05;0.2;20;100;true;true;30000;2147483647;false;4;1502256;0.813456546;0;immigrationInterval;20
BEST_EFFORT_GENETIC;CREDITCARD;POPULATION_UNIQUENESS;5;0;false;2147483647;0.2;0.4;0.8;0.05;0.2;10;50;true;true;30000;2147483647;false;4;1291886;0.81416253;0;subpopulationSize;50
BEST_EFFORT_GENETIC;CREDITCARD;POPULATION_UNIQUENESS;5;0;false;2147483647;0.2;0.4;0.8;0.05;0.2;10;200;true;true;30000;2147483647;false;4;1352103;0.779651426;0;subpopulationSize;200
BEST_EFFORT_GENETIC;CREDITCARD;POPULATION_UNIQUENESS;5;0;false;2147483647;0.2;0.4;0.8;0.05;0.2;10;100;true;true;5000;2147483647;false;5;146369;0.672744842;0;eliteFraction;0.2
BEST_EFFORT_GENETIC;CREDITCARD;POPULATION_UNIQUENESS;5;0;false;2147483647;0.4;0.4;0.8;0.05;0.2;10;100;true;true;5000;2147483647;false;5;141397;0.700918846;0;eliteFraction;0.4
BEST_EFFORT_GENETIC;CREDITCARD;POPULATION_UNIQUENESS;5;0;false;2147483647;0.2;0.2;0.8;0.05;0.2;10;100;true;true;5000;2147483647;false;5;161380;0.677694384;0;crossoverFraction;0.2
BEST_EFFORT_GENETIC;CREDITCARD;POPULATION_UNIQUENESS;5;0;false;2147483647;0.2;0.6;0.8;0.05;0.2;10;100;true;true;5000;2147483647;false;5;191676;0.690395312;0;crossoverFraction;0.6
BEST_EFFORT_GENETIC;CREDITCARD;POPULATION_UNIQUENESS;5;0;false;2147483647;0.2;0.4;0.2;0.05;0.2;10;100;true;true;5000;2147483647;false;5;176537;0.675572064;0;productionFraction;0.2
BEST_EFFORT_GENETIC;CREDITCARD;POPULATION_UNIQUENESS;5;0;false;2147483647;0.2;0.4;0.4;0.05;0.2;10;100;true;true;5000;2147483647;false;5;156330;0.685963003;0;productionFraction;0.4
BEST_EFFORT_GENETIC;CREDITCARD;POPULATION_UNIQUENESS;5;0;false;2147483647;0.2;0.4;0.6;0.05;0.2;10;100;true;true;5000;2147483647;false;5;146342;0.687362253;0;productionFraction;0.6
BEST_EFFORT_GENETIC;CREDITCARD;POPULATION_UNIQUENESS;5;0;false;2147483647;0.2;0.4;0.8;0.025;0.2;10;100;true;true;5000;2147483647;false;5;156354;0.700293621;0;mutationProbability;0.025
BEST_EFFORT_GENETIC;CREDITCARD;POPULATION_UNIQUENESS;5;0;false;2147483647;0.2;0.4;0.8;0.1;0.2;10;100;true;true;5000;2147483647;false;5;126149;0.685239364;0;mutationProbability;0.1
BEST_EFFORT_GENETIC;CREDITCARD;POPULATION_UNIQUENESS;5;0;false;2147483647;0.2;0.4;0.8;0.05;0.4;10;100;true;true;5000;2147483647;false;5;161488;0.69302104;0;immigrationFraction;0.4
BEST_EFFORT_GENETIC;CREDITCARD;POPULATION_UNIQUENESS;5;0;false;2147483647;0.2;0.4;0.8;0.05;0.6;10;100;true;true;5000;2147483647;false;5;161495;0.694997359;0;immigrationFraction;0.6
BEST_EFFORT_GENETIC;CREDITCARD;POPULATION_UNIQUENESS;5;0;false;2147483647;0.2;0.4;0.8;0.05;0.8;10;100;true;true;5000;2147483647;false;5;176345;0.700514829;0;immigrationFraction;0.8
BEST_EFFORT_GENETIC;CREDITCARD;POPULATION_UNIQUENESS;5;0;false;2147483647;0.2;0.4;0.8;0.05;0.2;5;100;true;true;5000;2147483647;false;5;141307;0.704538286;0;immigrationInterval;5
BEST_EFFORT_GENETIC;CREDITCARD;POPULATION_UNIQUENESS;5;0;false;2147483647;0.2;0.4;0.8;0.05;0.2;20;100;true;true;5000;2147483647;false;5;151325;0.695450586;0;immigrationInterval;20
BEST_EFFORT_GENETIC;CREDITCARD;POPULATION_UNIQUENESS;5;0;false;2147483647;0.2;0.4;0.8;0.05;0.2;10;50;true;true;5000;2147483647;false;5;171541;0.708397352;0;subpopulationSize;50
BEST_EFFORT_GENETIC;CREDITCARD;POPULATION_UNIQUENESS;5;0;false;2147483647;0.2;0.4;0.8;0.05;0.2;10;200;true;true;5000;2147483647;false;5;146297;0.699988259;0;subpopulationSize;200
BEST_EFFORT_GENETIC;CREDITCARD;POPULATION_UNIQUENESS;5;0;false;2147483647;0.2;0.4;0.8;0.05;0.2;10;100;true;true;10000;2147483647;false;5;301326;0.759669228;0;eliteFraction;0.2
BEST_EFFORT_GENETIC;CREDITCARD;POPULATION_UNIQUENESS;5;0;false;2147483647;0.4;0.4;0.8;0.05;0.2;10;100;true;true;10000;2147483647;false;5;461842;0.758116031;0;eliteFraction;0.4
BEST_EFFORT_GENETIC;CREDITCARD;POPULATION_UNIQUENESS;5;0;false;2147483647;0.2;0.2;0.8;0.05;0.2;10;100;true;true;10000;2147483647;false;5;401794;0.720308228;0;crossoverFraction;0.2
BEST_EFFORT_GENETIC;CREDITCARD;POPULATION_UNIQUENESS;5;0;false;2147483647;0.2;0.6;0.8;0.05;0.2;10;100;true;true;10000;2147483647;false;5;451957;0.781425802;0;crossoverFraction;0.6
BEST_EFFORT_GENETIC;CREDITCARD;POPULATION_UNIQUENESS;5;0;false;2147483647;0.2;0.4;0.2;0.05;0.2;10;100;true;true;10000;2147483647;false;5;421841;0.75528738;0;productionFraction;0.2
BEST_EFFORT_GENETIC;CREDITCARD;POPULATION_UNIQUENESS;5;0;false;2147483647;0.2;0.4;0.4;0.05;0.2;10;100;true;true;10000;2147483647;false;5;441626;0.746270415;0;productionFraction;0.4
BEST_EFFORT_GENETIC;CREDITCARD;POPULATION_UNIQUENESS;5;0;false;2147483647;0.2;0.4;0.6;0.05;0.2;10;100;true;true;10000;2147483647;false;5;361468;0.73280615;0;productionFraction;0.6
BEST_EFFORT_GENETIC;CREDITCARD;POPULATION_UNIQUENESS;5;0;false;2147483647;0.2;0.4;0.8;0.025;0.2;10;100;true;true;10000;2147483647;false;5;411889;0.727026185;0;mutationProbability;0.025
BEST_EFFORT_GENETIC;CREDITCARD;POPULATION_UNIQUENESS;5;0;false;2147483647;0.2;0.4;0.8;0.1;0.2;10;100;true;true;10000;2147483647;false;5;371673;0.746354226;0;mutationProbability;0.1
BEST_EFFORT_GENETIC;CREDITCARD;POPULATION_UNIQUENESS;5;0;false;2147483647;0.2;0.4;0.8;0.05;0.4;10;100;true;true;10000;2147483647;false;5;381685;0.720078957;0;immigrationFraction;0.4
BEST_EFFORT_GENETIC;CREDITCARD;POPULATION_UNIQUENESS;5;0;false;2147483647;0.2;0.4;0.8;0.05;0.6;10;100;true;true;10000;2147483647;false;5;331669;0.731001493;0;immigrationFraction;0.6
BEST_EFFORT_GENETIC;CREDITCARD;POPULATION_UNIQUENESS;5;0;false;2147483647;0.2;0.4;0.8;0.05;0.8;10;100;true;true;10000;2147483647;false;5;421833;0.728965716;0;immigrationFraction;0.8
BEST_EFFORT_GENETIC;CREDITCARD;POPULATION_UNIQUENESS;5;0;false;2147483647;0.2;0.4;0.8;0.05;0.2;5;100;true;true;10000;2147483647;false;5;361670;0.746927938;0;immigrationInterval;5
BEST_EFFORT_GENETIC;CREDITCARD;POPULATION_UNIQUENESS;5;0;false;2147483647;0.2;0.4;0.8;0.05;0.2;20;100;true;true;10000;2147483647;false;5;421803;0.741889972;0;immigrationInterval;20
BEST_EFFORT_GENETIC;CREDITCARD;POPULATION_UNIQUENESS;5;0;false;2147483647;0.2;0.4;0.8;0.05;0.2;10;50;true;true;10000;2147483647;false;5;391764;0.763155916;0;subpopulationSize;50
BEST_EFFORT_GENETIC;CREDITCARD;POPULATION_UNIQUENESS;5;0;false;2147483647;0.2;0.4;0.8;0.05;0.2;10;200;true;true;10000;2147483647;false;5;301402;0.724530674;0;subpopulationSize;200
BEST_EFFORT_GENETIC;CREDITCARD;POPULATION_UNIQUENESS;5;0;false;2147483647;0.2;0.4;0.8;0.05;0.2;10;100;true;true;20000;2147483647;false;5;821771;0.800600275;0;eliteFraction;0.2
BEST_EFFORT_GENETIC;CREDITCARD;POPULATION_UNIQUENESS;5;0;false;2147483647;0.4;0.4;0.8;0.05;0.2;10;100;true;true;20000;2147483647;false;5;861911;0.781641323;0;eliteFraction;0.4
BEST_EFFORT_GENETIC;CREDITCARD;POPULATION_UNIQUENESS;5;0;false;2147483647;0.2;0.2;0.8;0.05;0.2;10;100;true;true;20000;2147483647;false;5;1002026;0.784593032;0;crossoverFraction;0.2
BEST_EFFORT_GENETIC;CREDITCARD;POPULATION_UNIQUENESS;5;0;false;2147483647;0.2;0.6;0.8;0.05;0.2;10;100;true;true;20000;2147483647;false;5;941981;0.772205616;0;crossoverFraction;0.6
BEST_EFFORT_GENETIC;CREDITCARD;POPULATION_UNIQUENESS;5;0;false;2147483647;0.2;0.4;0.2;0.05;0.2;10;100;true;true;20000;2147483647;false;5;1002135;0.766319018;0;productionFraction;0.2
BEST_EFFORT_GENETIC;CREDITCARD;POPULATION_UNIQUENESS;5;0;false;2147483647;0.2;0.4;0.4;0.05;0.2;10;100;true;true;20000;2147483647;false;5;901689;0.861028436;0;productionFraction;0.4
BEST_EFFORT_GENETIC;CREDITCARD;POPULATION_UNIQUENESS;5;0;false;2147483647;0.2;0.4;0.6;0.05;0.2;10;100;true;true;20000;2147483647;false;5;861889;0.759369519;0;productionFraction;0.6
BEST_EFFORT_GENETIC;CREDITCARD;POPULATION_UNIQUENESS;5;0;false;2147483647;0.2;0.4;0.8;0.025;0.2;10;100;true;true;20000;2147483647;false;5;821667;0.801892247;0;mutationProbability;0.025
BEST_EFFORT_GENETIC;CREDITCARD;POPULATION_UNIQUENESS;5;0;false;2147483647;0.2;0.4;0.8;0.1;0.2;10;100;true;true;20000;2147483647;false;5;781810;0.783316016;0;mutationProbability;0.1
BEST_EFFORT_GENETIC;CREDITCARD;POPULATION_UNIQUENESS;5;0;false;2147483647;0.2;0.4;0.8;0.05;0.4;10;100;true;true;20000;2147483647;false;5;941979;0.809383618;0;immigrationFraction;0.4
BEST_EFFORT_GENETIC;CREDITCARD;POPULATION_UNIQUENESS;5;0;false;2147483647;0.2;0.4;0.8;0.05;0.6;10;100;true;true;20000;2147483647;false;5;921979;0.784709003;0;immigrationFraction;0.6
BEST_EFFORT_GENETIC;CREDITCARD;POPULATION_UNIQUENESS;5;0;false;2147483647;0.2;0.4;0.8;0.05;0.8;10;100;true;true;20000;2147483647;false;5;901926;0.780048041;0;immigrationFraction;0.8
BEST_EFFORT_GENETIC;CREDITCARD;POPULATION_UNIQUENESS;5;0;false;2147483647;0.2;0.4;0.8;0.05;0.2;5;100;true;true;20000;2147483647;false;5;781890;0.767406538;0;immigrationInterval;5
BEST_EFFORT_GENETIC;CREDITCARD;POPULATION_UNIQUENESS;5;0;false;2147483647;0.2;0.4;0.8;0.05;0.2;20;100;true;true;20000;2147483647;false;5;841752;0.772374448;0;immigrationInterval;20
BEST_EFFORT_GENETIC;CREDITCARD;POPULATION_UNIQUENESS;5;0;false;2147483647;0.2;0.4;0.8;0.05;0.2;10;50;true;true;20000;2147483647;false;5;861621;0.865559223;0;subpopulationSize;50
BEST_EFFORT_GENETIC;CREDITCARD;POPULATION_UNIQUENESS;5;0;false;2147483647;0.2;0.4;0.8;0.05;0.2;10;200;true;true;20000;2147483647;false;5;821801;0.774507195;0;subpopulationSize;200
BEST_EFFORT_GENETIC;CREDITCARD;POPULATION_UNIQUENESS;5;0;false;2147483647;0.2;0.4;0.8;0.05;0.2;10;100;true;true;30000;2147483647;false;5;1171487;0.888448707;0;eliteFraction;0.2
BEST_EFFORT_GENETIC;CREDITCARD;POPULATION_UNIQUENESS;5;0;false;2147483647;0.4;0.4;0.8;0.05;0.2;10;100;true;true;30000;2147483647;false;5;1141445;0.906094448;0;eliteFraction;0.4
BEST_EFFORT_GENETIC;CREDITCARD;POPULATION_UNIQUENESS;5;0;false;2147483647;0.2;0.2;0.8;0.05;0.2;10;100;true;true;30000;2147483647;false;5;1351986;0.809523689;0;crossoverFraction;0.2
BEST_EFFORT_GENETIC;CREDITCARD;POPULATION_UNIQUENESS;5;0;false;2147483647;0.2;0.6;0.8;0.05;0.2;10;100;true;true;30000;2147483647;false;5;1351837;0.844103049;0;crossoverFraction;0.6
BEST_EFFORT_GENETIC;CREDITCARD;POPULATION_UNIQUENESS;5;0;false;2147483647;0.2;0.4;0.2;0.05;0.2;10;100;true;true;30000;2147483647;false;5;1231551;0.88282753;0;productionFraction;0.2
BEST_EFFORT_GENETIC;CREDITCARD;POPULATION_UNIQUENESS;5;0;false;2147483647;0.2;0.4;0.4;0.05;0.2;10;100;true;true;30000;2147483647;false;5;1201461;0.894073433;0;productionFraction;0.4
BEST_EFFORT_GENETIC;CREDITCARD;POPULATION_UNIQUENESS;5;0;false;2147483647;0.2;0.4;0.6;0.05;0.2;10;100;true;true;30000;2147483647;false;5;1141384;0.88885846;0;productionFraction;0.6
BEST_EFFORT_GENETIC;CREDITCARD;POPULATION_UNIQUENESS;5;0;false;2147483647;0.2;0.4;0.8;0.025;0.2;10;100;true;true;30000;2147483647;false;5;1021392;0.898496366;0;mutationProbability;0.025
BEST_EFFORT_GENETIC;CREDITCARD;POPULATION_UNIQUENESS;5;0;false;2147483647;0.2;0.4;0.8;0.1;0.2;10;100;true;true;30000;2147483647;false;5;1291712;0.819219117;0;mutationProbability;0.1
BEST_EFFORT_GENETIC;CREDITCARD;POPULATION_UNIQUENESS;5;0;false;2147483647;0.2;0.4;0.8;0.05;0.4;10;100;true;true;30000;2147483647;false;5;1412039;0.816555496;0;immigrationFraction;0.4
BEST_EFFORT_GENETIC;CREDITCARD;POPULATION_UNIQUENESS;5;0;false;2147483647;0.2;0.4;0.8;0.05;0.6;10;100;true;true;30000;2147483647;false;5;1201605;0.867352416;0;immigrationFraction;0.6
BEST_EFFORT_GENETIC;CREDITCARD;POPULATION_UNIQUENESS;5;0;false;2147483647;0.2;0.4;0.8;0.05;0.8;10;100;true;true;30000;2147483647;false;5;1261810;0.876654175;0;immigrationFraction;0.8
BEST_EFFORT_GENETIC;CREDITCARD;POPULATION_UNIQUENESS;5;0;false;2147483647;0.2;0.4;0.8;0.05;0.2;5;100;true;true;30000;2147483647;false;5;1111687;0.8690637;0;immigrationInterval;5
BEST_EFFORT_GENETIC;CREDITCARD;POPULATION_UNIQUENESS;5;0;false;2147483647;0.2;0.4;0.8;0.05;0.2;20;100;true;true;30000;2147483647;false;5;1111527;0.884899905;0;immigrationInterval;20
BEST_EFFORT_GENETIC;CREDITCARD;POPULATION_UNIQUENESS;5;0;false;2147483647;0.2;0.4;0.8;0.05;0.2;10;50;true;true;30000;2147483647;false;5;1291829;0.894454036;0;subpopulationSize;50
BEST_EFFORT_GENETIC;CREDITCARD;POPULATION_UNIQUENESS;5;0;false;2147483647;0.2;0.4;0.8;0.05;0.2;10;200;true;true;30000;2147483647;false;5;1322059;0.775569721;0;subpopulationSize;200
