algorithm;dataset;privacyModel;k;qids;weighted;iterations;eliteFraction;crossoverFraction;productionFraction;mutationProbability;immigrationFraction;immigrationInterval;subpopulationSize;trianglePattern;dualPopulation;timeLimit;stepLimit;limitByOptimalLoss;batchNumber;time;externalUtility;internalUtility;tuningParameter;gaImplementation
BEST_EFFORT_GENETIC;SS13ACS;POPULATION_UNIQUENESS;5;0;false;2147483647;0.2;0.4;0.8;0.05;0.2;10;100;false;true;5000;2147483647;false;1;20206;0.762314683;0;gaImplementation;1
BEST_EFFORT_GENETIC;SS13ACS;POPULATION_UNIQUENESS;5;0;false;2147483647;0.2;0.4;0.8;0.05;0.2;10;100;false;false;5000;2147483647;false;1;20143;0.774518934;0;gaImplementation;2
BEST_EFFORT_GENETIC;SS13ACS;POPULATION_UNIQUENESS;5;0;false;2147483647;0.2;0.4;0.8;0.05;0.2;10;100;false;true;10000;2147483647;false;1;30116;0.79274106;0;gaImplementation;1
BEST_EFFORT_GENETIC;SS13ACS;POPULATION_UNIQUENESS;5;0;false;2147483647;0.2;0.4;0.8;0.05;0.2;10;100;false;false;10000;2147483647;false;1;60153;0.866768973;0;gaImplementation;2
BEST_EFFORT_GENETIC;SS13ACS;POPULATION_UNIQUENESS;5;0;false;2147483647;0.2;0.4;0.8;0.05;0.2;10;100;false;true;20000;2147483647;false;1;100191;0.861493655;0;gaImplementation;1
BEST_EFFORT_GENETIC;SS13ACS;POPULATION_UNIQUENESS;5;0;false;2147483647;0.2;0.4;0.8;0.05;0.2;10;100;false;false;20000;2147483647;false;1;140315;0.946261502;0;gaImplementation;2
BEST_EFFORT_GENETIC;SS13ACS;POPULATION_UNIQUENESS;5;0;false;2147483647;0.2;0.4;0.8;0.05;0.2;10;100;false;true;30000;2147483647;false;1;210203;0.885984797;0;gaImplementation;1
BEST_EFFORT_GENETIC;SS13ACS;POPULATION_UNIQUENESS;5;0;false;2147483647;0.2;0.4;0.8;0.05;0.2;10;100;false;false;30000;2147483647;false;1;150270;0.937741862;0;gaImplementation;2
BEST_EFFORT_GENETIC;MACH2019;POPULATION_UNIQUENESS;5;0;false;2147483647;0.2;0.4;0.8;0.05;0.2;10;100;false;true;5000;2147483647;false;1;50312;0.858770155;0;gaImplementation;1
BEST_EFFORT_GENETIC;MACH2019;POPULATION_UNIQUENESS;5;0;false;2147483647;0.2;0.4;0.8;0.05;0.2;10;100;false;false;5000;2147483647;false;1;60401;0.88681066;0;gaImplementation;2
BEST_EFFORT_GENETIC;MACH2019;POPULATION_UNIQUENESS;5;0;false;2147483647;0.2;0.4;0.8;0.05;0.2;10;100;false;true;10000;2147483647;false;1;130430;0.899190548;0;gaImplementation;1
BEST_EFFORT_GENETIC;MACH2019;POPULATION_UNIQUENESS;5;0;false;2147483647;0.2;0.4;0.8;0.05;0.2;10;100;false;false;10000;2147483647;false;1;110435;0.926115416;0;gaImplementation;2
BEST_EFFORT_GENETIC;MACH2019;POPULATION_UNIQUENESS;5;0;false;2147483647;0.2;0.4;0.8;0.05;0.2;10;100;false;true;20000;2147483647;false;1;320465;0.937525883;0;gaImplementation;1
BEST_EFFORT_GENETIC;MACH2019;POPULATION_UNIQUENESS;5;0;false;2147483647;0.2;0.4;0.8;0.05;0.2;10;100;false;false;20000;2147483647;false;1;320569;0.946578709;0;gaImplementation;2
BEST_EFFORT_GENETIC;MACH2019;POPULATION_UNIQUENESS;5;0;false;2147483647;0.2;0.4;0.8;0.05;0.2;10;100;false;true;30000;2147483647;false;1;600602;0.944542434;0;gaImplementation;1
BEST_EFFORT_GENETIC;MACH2019;POPULATION_UNIQUENESS;5;0;false;2147483647;0.2;0.4;0.8;0.05;0.2;10;100;false;false;30000;2147483647;false;1;690837;0.956717735;0;gaImplementation;2
BEST_EFFORT_GENETIC;CREDITCARD;POPULATION_UNIQUENESS;5;0;false;2147483647;0.2;0.4;0.8;0.05;0.2;10;100;false;true;5000;2147483647;false;1;151410;0.66164827;0;gaImplementation;1
BEST_EFFORT_GENETIC;CREDITCARD;POPULATION_UNIQUENESS;5;0;false;2147483647;0.2;0.4;0.8;0.05;0.2;10;100;false;false;5000;2147483647;false;1;156551;0.678991598;0;gaImplementation;2
BEST_EFFORT_GENETIC;CREDITCARD;POPULATION_UNIQUENESS;5;0;false;2147483647;0.2;0.4;0.8;0.05;0.2;10;100;false;true;10000;2147483647;false;1;351796;0.681152442;0;gaImplementation;1
BEST_EFFORT_GENETIC;CREDITCARD;POPULATION_UNIQUENESS;5;0;false;2147483647;0.2;0.4;0.8;0.05;0.2;10;100;false;false;10000;2147483647;false;1;401930;0.731441486;0;gaImplementation;2
BEST_EFFORT_GENETIC;CREDITCARD;POPULATION_UNIQUENESS;5;0;false;2147483647;0.2;0.4;0.8;0.05;0.2;10;100;false;true;20000;2147483647;false;1;801803;0.734269387;0;gaImplementation;1
BEST_EFFORT_GENETIC;CREDITCARD;POPULATION_UNIQUENESS;5;0;false;2147483647;0.2;0.4;0.8;0.05;0.2;10;100;false;false;20000;2147483647;false;1;861927;0.805041467;0;gaImplementation;2
BEST_EFFORT_GENETIC;CREDITCARD;POPULATION_UNIQUENESS;5;0;false;2147483647;0.2;0.4;0.8;0.05;0.2;10;100;false;true;30000;2147483647;false;1;1111871;0.799153077;0;gaImplementation;1
BEST_EFFORT_GENETIC;CREDITCARD;POPULATION_UNIQUENESS;5;0;false;2147483647;0.2;0.4;0.8;0.05;0.2;10;100;false;false;30000;2147483647;false;1;1321916;0.819257904;0;gaImplementation;2
BEST_EFFORT_GENETIC;SS13ACS;POPULATION_UNIQUENESS;5;0;false;2147483647;0.2;0.4;0.8;0.05;0.2;10;100;false;true;5000;2147483647;false;2;25149;0.769058967;0;gaImplementation;1
BEST_EFFORT_GENETIC;SS13ACS;POPULATION_UNIQUENESS;5;0;false;2147483647;0.2;0.4;0.8;0.05;0.2;10;100;false;false;5000;2147483647;false;2;20154;0.70944302;0;gaImplementation;2
BEST_EFFORT_GENETIC;SS13ACS;POPULATION_UNIQUENESS;5;0;false;2147483647;0.2;0.4;0.8;0.05;0.2;10;100;false;true;10000;2147483647;false;2;40152;0.771898814;0;gaImplementation;1
BEST_EFFORT_GENETIC;SS13ACS;POPULATION_UNIQUENESS;5;0;false;2147483647;0.2;0.4;0.8;0.05;0.2;10;100;false;false;10000;2147483647;false;2;70186;0.868945975;0;gaImplementation;2
BEST_EFFORT_GENETIC;SS13ACS;POPULATION_UNIQUENESS;5;0;false;2147483647;0.2;0.4;0.8;0.05;0.2;10;100;false;true;20000;2147483647;false;2;100252;0.837151159;0;gaImplementation;1
BEST_EFFORT_GENETIC;SS13ACS;POPULATION_UNIQUENESS;5;0;false;2147483647;0.2;0.4;0.8;0.05;0.2;10;100;false;false;20000;2147483647;false;2;140233;0.932610018;0;gaImplementation;2
BEST_EFFORT_GENETIC;SS13ACS;POPULATION_UNIQUENESS;5;0;false;2147483647;0.2;0.4;0.8;0.05;0.2;10;100;false;true;30000;2147483647;false;2;210284;0.949663924;0;gaImplementation;1
BEST_EFFORT_GENETIC;SS13ACS;POPULATION_UNIQUENESS;5;0;false;2147483647;0.2;0.4;0.8;0.05;0.2;10;100;false;false;30000;2147483647;false;2;270270;0.990218827;0;gaImplementation;2
BEST_EFFORT_GENETIC;MACH2019;POPULATION_UNIQUENESS;5;0;false;2147483647;0.2;0.4;0.8;0.05;0.2;10;100;false;true;5000;2147483647;false;2;30244;0.861688871;0;gaImplementation;1
BEST_EFFORT_GENETIC;MACH2019;POPULATION_UNIQUENESS;5;0;false;2147483647;0.2;0.4;0.8;0.05;0.2;10;100;false;false;5000;2147483647;false;2;30318;0.876668691;0;gaImplementation;2
BEST_EFFORT_GENETIC;MACH2019;POPULATION_UNIQUENESS;5;0;false;2147483647;0.2;0.4;0.8;0.05;0.2;10;100;false;true;10000;2147483647;false;2;200526;0.901296685;0;gaImplementation;1
BEST_EFFORT_GENETIC;MACH2019;POPULATION_UNIQUENESS;5;0;false;2147483647;0.2;0.4;0.8;0.05;0.2;10;100;false;false;10000;2147483647;false;2;120475;0.904258075;0;gaImplementation;2
BEST_EFFORT_GENETIC;MACH2019;POPULATION_UNIQUENESS;5;0;false;2147483647;0.2;0.4;0.8;0.05;0.2;10;100;false;true;20000;2147483647;false;2;360573;0.935415787;0;gaImplementation;1
BEST_EFFORT_GENETIC;MACH2019;POPULATION_UNIQUENESS;5;0;false;2147483647;0.2;0.4;0.8;0.05;0.2;10;100;false;false;20000;2147483647;false;2;540939;0.953248696;0;gaImplementation;2
BEST_EFFORT_GENETIC;MACH2019;POPULATION_UNIQUENESS;5;0;false;2147483647;0.2;0.4;0.8;0.05;0.2;10;100;false;true;30000;2147483647;false;2;720641;0.932058216;0;gaImplementation;1
BEST_EFFORT_GENETIC;MACH2019;POPULATION_UNIQUENESS;5;0;false;2147483647;0.2;0.4;0.8;0.05;0.2;10;100;false;false;30000;2147483647;false;2;690759;0.961636442;0;gaImplementation;2
BEST_EFFORT_GENETIC;CREDITCARD;POPULATION_UNIQUENESS;5;0;false;2147483647;0.2;0.4;0.8;0.05;0.2;10;100;false;true;5000;2147483647;false;2;110906;0.672723245;0;gaImplementation;1
BEST_EFFORT_GENETIC;CREDITCARD;POPULATION_UNIQUENESS;5;0;false;2147483647;0.2;0.4;0.8;0.05;0.2;10;100;false;false;5000;2147483647;false;2;166470;0.686316148;0;gaImplementation;2
BEST_EFFORT_GENETIC;CREDITCARD;POPULATION_UNIQUENESS;5;0;false;2147483647;0.2;0.4;0.8;0.05;0.2;10;100;false;true;10000;2147483647;false;2;331506;0.683306304;0;gaImplementation;1
BEST_EFFORT_GENETIC;CREDITCARD;POPULATION_UNIQUENESS;5;0;false;2147483647;0.2;0.4;0.8;0.05;0.2;10;100;false;false;10000;2147483647;false;2;341351;0.772463694;0;gaImplementation;2
BEST_EFFORT_GENETIC;CREDITCARD;POPULATION_UNIQUENESS;5;0;false;2147483647;0.2;0.4;0.8;0.05;0.2;10;100;false;true;20000;2147483647;false;2;721716;0.74422558;0;gaImplementation;1
BEST_EFFORT_GENETIC;CREDITCARD;POPULATION_UNIQUENESS;5;0;false;2147483647;0.2;0.4;0.8;0.05;0.2;10;100;false;false;20000;2147483647;false;2;781775;0.78773902;0;gaImplementation;2
BEST_EFFORT_GENETIC;CREDITCARD;POPULATION_UNIQUENESS;5;0;false;2147483647;0.2;0.4;0.8;0.05;0.2;10;100;false;true;30000;2147483647;false;2;1352004;0.801497843;0;gaImplementation;1
BEST_EFFORT_GENETIC;CREDITCARD;POPULATION_UNIQUENESS;5;0;false;2147483647;0.2;0.4;0.8;0.05;0.2;10;100;false;false;30000;2147483647;false;2;1291805;0.846477036;0;gaImplementation;2
BEST_EFFORT_GENETIC;SS13ACS;POPULATION_UNIQUENESS;5;0;false;2147483647;0.2;0.4;0.8;0.05;0.2;10;100;false;true;5000;2147483647;false;3;30154;0.744122306;0;gaImplementation;1
BEST_EFFORT_GENETIC;SS13ACS;POPULATION_UNIQUENESS;5;0;false;2147483647;0.2;0.4;0.8;0.05;0.2;10;100;false;false;5000;2147483647;false;3;25148;0.800443433;0;gaImplementation;2
BEST_EFFORT_GENETIC;SS13ACS;POPULATION_UNIQUENESS;5;0;false;2147483647;0.2;0.4;0.8;0.05;0.2;10;100;false;true;10000;2147483647;false;3;60170;0.783484583;0;gaImplementation;1
BEST_EFFORT_GENETIC;SS13ACS;POPULATION_UNIQUENESS;5;0;false;2147483647;0.2;0.4;0.8;0.05;0.2;10;100;false;false;10000;2147483647;false;3;60214;0.822745824;0;gaImplementation;2
BEST_EFFORT_GENETIC;SS13ACS;POPULATION_UNIQUENESS;5;0;false;2147483647;0.2;0.4;0.8;0.05;0.2;10;100;false;true;20000;2147483647;false;3;120155;0.878504673;0;gaImplementation;1
BEST_EFFORT_GENETIC;SS13ACS;POPULATION_UNIQUENESS;5;0;false;2147483647;0.2;0.4;0.8;0.05;0.2;10;100;false;false;20000;2147483647;false;3;160271;0.948167362;0;gaImplementation;2
BEST_EFFORT_GENETIC;SS13ACS;POPULATION_UNIQUENESS;5;0;false;2147483647;0.2;0.4;0.8;0.05;0.2;10;100;false;true;30000;2147483647;false;3;180260;0.89633455;0;gaImplementation;1
BEST_EFFORT_GENETIC;SS13ACS;POPULATION_UNIQUENESS;5;0;false;2147483647;0.2;0.4;0.8;0.05;0.2;10;100;false;false;30000;2147483647;false;3;150195;0.925271936;0;gaImplementation;2
BEST_EFFORT_GENETIC;MACH2019;POPULATION_UNIQUENESS;5;0;false;2147483647;0.2;0.4;0.8;0.05;0.2;10;100;false;true;5000;2147483647;false;3;55315;0.874449255;0;gaImplementation;1
BEST_EFFORT_GENETIC;MACH2019;POPULATION_UNIQUENESS;5;0;false;2147483647;0.2;0.4;0.8;0.05;0.2;10;100;false;false;5000;2147483647;false;3;55311;0.896239705;0;gaImplementation;2
BEST_EFFORT_GENETIC;MACH2019;POPULATION_UNIQUENESS;5;0;false;2147483647;0.2;0.4;0.8;0.05;0.2;10;100;false;true;10000;2147483647;false;3;110363;0.904744938;0;gaImplementation;1
BEST_EFFORT_GENETIC;MACH2019;POPULATION_UNIQUENESS;5;0;false;2147483647;0.2;0.4;0.8;0.05;0.2;10;100;false;false;10000;2147483647;false;3;210603;0.925929906;0;gaImplementation;2
BEST_EFFORT_GENETIC;MACH2019;POPULATION_UNIQUENESS;5;0;false;2147483647;0.2;0.4;0.8;0.05;0.2;10;100;false;true;20000;2147483647;false;3;320437;0.92184685;0;gaImplementation;1
BEST_EFFORT_GENETIC;MACH2019;POPULATION_UNIQUENESS;5;0;false;2147483647;0.2;0.4;0.8;0.05;0.2;10;100;false;false;20000;2147483647;false;3;460701;0.953178268;0;gaImplementation;2
BEST_EFFORT_GENETIC;MACH2019;POPULATION_UNIQUENESS;5;0;false;2147483647;0.2;0.4;0.8;0.05;0.2;10;100;false;true;30000;2147483647;false;3;660714;0.935282121;0;gaImplementation;1
BEST_EFFORT_GENETIC;MACH2019;POPULATION_UNIQUENESS;5;0;false;2147483647;0.2;0.4;0.8;0.05;0.2;10;100;false;false;30000;2147483647;false;3;780815;0.956228868;0;gaImplementation;2
BEST_EFFORT_GENETIC;CREDITCARD;POPULATION_UNIQUENESS;5;0;false;2147483647;0.2;0.4;0.8;0.05;0.2;10;100;false;true;5000;2147483647;false;3;151445;0.664859963;0;gaImplementation;1
BEST_EFFORT_GENETIC;CREDITCARD;POPULATION_UNIQUENESS;5;0;false;2147483647;0.2;0.4;0.8;0.05;0.2;10;100;false;false;5000;2147483647;false;3;151564;0.681595716;0;gaImplementation;2
BEST_EFFORT_GENETIC;CREDITCARD;POPULATION_UNIQUENESS;5;0;false;2147483647;0.2;0.4;0.8;0.05;0.2;10;100;false;true;10000;2147483647;false;3;361561;0.681669179;0;gaImplementation;1
BEST_EFFORT_GENETIC;CREDITCARD;POPULATION_UNIQUENESS;5;0;false;2147483647;0.2;0.4;0.8;0.05;0.2;10;100;false;false;10000;2147483647;false;3;311545;0.736494273;0;gaImplementation;2
BEST_EFFORT_GENETIC;CREDITCARD;POPULATION_UNIQUENESS;5;0;false;2147483647;0.2;0.4;0.8;0.05;0.2;10;100;false;true;20000;2147483647;false;3;721670;0.734544362;0;gaImplementation;1
BEST_EFFORT_GENETIC;CREDITCARD;POPULATION_UNIQUENESS;5;0;false;2147483647;0.2;0.4;0.8;0.05;0.2;10;100;false;false;20000;2147483647;false;3;821750;0.811931266;0;gaImplementation;2
BEST_EFFORT_GENETIC;CREDITCARD;POPULATION_UNIQUENESS;5;0;false;2147483647;0.2;0.4;0.8;0.05;0.2;10;100;false;true;30000;2147483647;false;3;1111713;0.787761457;0;gaImplementation;1
BEST_EFFORT_GENETIC;CREDITCARD;POPULATION_UNIQUENESS;5;0;false;2147483647;0.2;0.4;0.8;0.05;0.2;10;100;false;false;30000;2147483647;false;3;1111461;0.874446436;0;gaImplementation;2
BEST_EFFORT_GENETIC;SS13ACS;POPULATION_UNIQUENESS;5;0;false;2147483647;0.2;0.4;0.8;0.05;0.2;10;100;false;true;5000;2147483647;false;4;30147;0.720853989;0;gaImplementation;1
BEST_EFFORT_GENETIC;SS13ACS;POPULATION_UNIQUENESS;5;0;false;2147483647;0.2;0.4;0.8;0.05;0.2;10;100;false;false;5000;2147483647;false;4;20148;0.707212343;0;gaImplementation;2
BEST_EFFORT_GENETIC;SS13ACS;POPULATION_UNIQUENESS;5;0;false;2147483647;0.2;0.4;0.8;0.05;0.2;10;100;false;true;10000;2147483647;false;4;40128;0.794890658;0;gaImplementation;1
BEST_EFFORT_GENETIC;SS13ACS;POPULATION_UNIQUENESS;5;0;false;2147483647;0.2;0.4;0.8;0.05;0.2;10;100;false;false;10000;2147483647;false;4;30156;0.851121246;0;gaImplementation;2
BEST_EFFORT_GENETIC;SS13ACS;POPULATION_UNIQUENESS;5;0;false;2147483647;0.2;0.4;0.8;0.05;0.2;10;100;false;true;20000;2147483647;false;4;200425;0.853730538;0;gaImplementation;1
BEST_EFFORT_GENETIC;SS13ACS;POPULATION_UNIQUENESS;5;0;false;2147483647;0.2;0.4;0.8;0.05;0.2;10;100;false;false;20000;2147483647;false;4;180295;0.951101625;0;gaImplementation;2
BEST_EFFORT_GENETIC;SS13ACS;POPULATION_UNIQUENESS;5;0;false;2147483647;0.2;0.4;0.8;0.05;0.2;10;100;false;true;30000;2147483647;false;4;150181;0.930184123;0;gaImplementation;1
BEST_EFFORT_GENETIC;SS13ACS;POPULATION_UNIQUENESS;5;0;false;2147483647;0.2;0.4;0.8;0.05;0.2;10;100;false;false;30000;2147483647;false;4;270314;0.977372964;0;gaImplementation;2
BEST_EFFORT_GENETIC;MACH2019;POPULATION_UNIQUENESS;5;0;false;2147483647;0.2;0.4;0.8;0.05;0.2;10;100;false;true;5000;2147483647;false;4;40304;0.886953619;0;gaImplementation;1
BEST_EFFORT_GENETIC;MACH2019;POPULATION_UNIQUENESS;5;0;false;2147483647;0.2;0.4;0.8;0.05;0.2;10;100;false;false;5000;2147483647;false;4;40358;0.881428246;0;gaImplementation;2
BEST_EFFORT_GENETIC;MACH2019;POPULATION_UNIQUENESS;5;0;false;2147483647;0.2;0.4;0.8;0.05;0.2;10;100;false;true;10000;2147483647;false;4;70259;0.881973261;0;gaImplementation;1
BEST_EFFORT_GENETIC;MACH2019;POPULATION_UNIQUENESS;5;0;false;2147483647;0.2;0.4;0.8;0.05;0.2;10;100;false;false;10000;2147483647;false;4;130377;0.90870401;0;gaImplementation;2
BEST_EFFORT_GENETIC;MACH2019;POPULATION_UNIQUENESS;5;0;false;2147483647;0.2;0.4;0.8;0.05;0.2;10;100;false;true;20000;2147483647;false;4;340415;0.929706996;0;gaImplementation;1
BEST_EFFORT_GENETIC;MACH2019;POPULATION_UNIQUENESS;5;0;false;2147483647;0.2;0.4;0.8;0.05;0.2;10;100;false;false;20000;2147483647;false;4;400674;0.941306529;0;gaImplementation;2
BEST_EFFORT_GENETIC;MACH2019;POPULATION_UNIQUENESS;5;0;false;2147483647;0.2;0.4;0.8;0.05;0.2;10;100;false;true;30000;2147483647;false;4;690690;0.948983314;0;gaImplementation;1
BEST_EFFORT_GENETIC;MACH2019;POPULATION_UNIQUENESS;5;0;false;2147483647;0.2;0.4;0.8;0.05;0.2;10;100;false;false;30000;2147483647;false;4;480637;0.967595409;0;gaImplementation;2
BEST_EFFORT_GENETIC;CREDITCARD;POPULATION_UNIQUENESS;5;0;false;2147483647;0.2;0.4;0.8;0.05;0.2;10;100;false;true;5000;2147483647;false;4;136247;0.682623851;0;gaImplementation;1
BEST_EFFORT_GENETIC;CREDITCARD;POPULATION_UNIQUENESS;5;0;false;2147483647;0.2;0.4;0.8;0.05;0.2;10;100;false;false;5000;2147483647;false;4;136139;0.717873158;0;gaImplementation;2
BEST_EFFORT_GENETIC;CREDITCARD;POPULATION_UNIQUENESS;5;0;false;2147483647;0.2;0.4;0.8;0.05;0.2;10;100;false;true;10000;2147483647;false;4;301439;0.698999164;0;gaImplementation;1
BEST_EFFORT_GENETIC;CREDITCARD;POPULATION_UNIQUENESS;5;0;false;2147483647;0.2;0.4;0.8;0.05;0.2;10;100;false;false;10000;2147483647;false;4;341414;0.75368454;0;gaImplementation;2
BEST_EFFORT_GENETIC;CREDITCARD;POPULATION_UNIQUENESS;5;0;false;2147483647;0.2;0.4;0.8;0.05;0.2;10;100;false;true;20000;2147483647;false;4;761754;0.73132909;0;gaImplementation;1
BEST_EFFORT_GENETIC;CREDITCARD;POPULATION_UNIQUENESS;5;0;false;2147483647;0.2;0.4;0.8;0.05;0.2;10;100;false;false;20000;2147483647;false;4;862110;0.798127417;0;gaImplementation;2
BEST_EFFORT_GENETIC;CREDITCARD;POPULATION_UNIQUENESS;5;0;false;2147483647;0.2;0.4;0.8;0.05;0.2;10;100;false;true;30000;2147483647;false;4;1081741;0.784619883;0;gaImplementation;1
BEST_EFFORT_GENETIC;CREDITCARD;POPULATION_UNIQUENESS;5;0;false;2147483647;0.2;0.4;0.8;0.05;0.2;10;100;false;false;30000;2147483647;false;4;1352178;0.795964493;0;gaImplementation;2
BEST_EFFORT_GENETIC;SS13ACS;POPULATION_UNIQUENESS;5;0;false;2147483647;0.2;0.4;0.8;0.05;0.2;10;100;false;true;5000;2147483647;false;5;15126;0.758099738;0;gaImplementation;1
BEST_EFFORT_GENETIC;SS13ACS;POPULATION_UNIQUENESS;5;0;false;2147483647;0.2;0.4;0.8;0.05;0.2;10;100;false;false;5000;2147483647;false;5;25183;0.77627465;0;gaImplementation;2
BEST_EFFORT_GENETIC;SS13ACS;POPULATION_UNIQUENESS;5;0;false;2147483647;0.2;0.4;0.8;0.05;0.2;10;100;false;true;10000;2147483647;false;5;30191;0.796278746;0;gaImplementation;1
BEST_EFFORT_GENETIC;SS13ACS;POPULATION_UNIQUENESS;5;0;false;2147483647;0.2;0.4;0.8;0.05;0.2;10;100;false;false;10000;2147483647;false;5;40197;0.867523174;0;gaImplementation;2
BEST_EFFORT_GENETIC;SS13ACS;POPULATION_UNIQUENESS;5;0;false;2147483647;0.2;0.4;0.8;0.05;0.2;10;100;false;true;20000;2147483647;false;5;80165;0.827904728;0;gaImplementation;1
BEST_EFFORT_GENETIC;SS13ACS;POPULATION_UNIQUENESS;5;0;false;2147483647;0.2;0.4;0.8;0.05;0.2;10;100;false;false;20000;2147483647;false;5;60277;0.953622524;0;gaImplementation;2
BEST_EFFORT_GENETIC;SS13ACS;POPULATION_UNIQUENESS;5;0;false;2147483647;0.2;0.4;0.8;0.05;0.2;10;100;false;true;30000;2147483647;false;5;90164;0.902264124;0;gaImplementation;1
BEST_EFFORT_GENETIC;SS13ACS;POPULATION_UNIQUENESS;5;0;false;2147483647;0.2;0.4;0.8;0.05;0.2;10;100;false;false;30000;2147483647;false;5;180213;0.985353813;0;gaImplementation;2
BEST_EFFORT_GENETIC;MACH2019;POPULATION_UNIQUENESS;5;0;false;2147483647;0.2;0.4;0.8;0.05;0.2;10;100;false;true;5000;2147483647;false;5;35340;0.863160373;0;gaImplementation;1
BEST_EFFORT_GENETIC;MACH2019;POPULATION_UNIQUENESS;5;0;false;2147483647;0.2;0.4;0.8;0.05;0.2;10;100;false;false;5000;2147483647;false;5;70424;0.878230117;0;gaImplementation;2
BEST_EFFORT_GENETIC;MACH2019;POPULATION_UNIQUENESS;5;0;false;2147483647;0.2;0.4;0.8;0.05;0.2;10;100;false;true;10000;2147483647;false;5;120344;0.901981455;0;gaImplementation;1
BEST_EFFORT_GENETIC;MACH2019;POPULATION_UNIQUENESS;5;0;false;2147483647;0.2;0.4;0.8;0.05;0.2;10;100;false;false;10000;2147483647;false;5;130417;0.916915068;0;gaImplementation;2
BEST_EFFORT_GENETIC;MACH2019;POPULATION_UNIQUENESS;5;0;false;2147483647;0.2;0.4;0.8;0.05;0.2;10;100;false;true;20000;2147483647;false;5;340485;0.917321253;0;gaImplementation;1
BEST_EFFORT_GENETIC;MACH2019;POPULATION_UNIQUENESS;5;0;false;2147483647;0.2;0.4;0.8;0.05;0.2;10;100;false;false;20000;2147483647;false;5;360525;0.949581268;0;gaImplementation;2
BEST_EFFORT_GENETIC;MACH2019;POPULATION_UNIQUENESS;5;0;false;2147483647;0.2;0.4;0.8;0.05;0.2;10;100;false;true;30000;2147483647;false;5;690753;0.941472771;0;gaImplementation;1
BEST_EFFORT_GENETIC;MACH2019;POPULATION_UNIQUENESS;5;0;false;2147483647;0.2;0.4;0.8;0.05;0.2;10;100;false;false;30000;2147483647;false;5;600699;0.967565482;0;gaImplementation;2
BEST_EFFORT_GENETIC;CREDITCARD;POPULATION_UNIQUENESS;5;0;false;2147483647;0.2;0.4;0.8;0.05;0.2;10;100;false;true;5000;2147483647;false;5;151418;0.659662531;0;gaImplementation;1
BEST_EFFORT_GENETIC;CREDITCARD;POPULATION_UNIQUENESS;5;0;false;2147483647;0.2;0.4;0.8;0.05;0.2;10;100;false;false;5000;2147483647;false;5;156484;0.672864413;0;gaImplementation;2
BEST_EFFORT_GENETIC;CREDITCARD;POPULATION_UNIQUENESS;5;0;false;2147483647;0.2;0.4;0.8;0.05;0.2;10;100;false;true;10000;2147483647;false;5;271191;0.733587346;0;gaImplementation;1
BEST_EFFORT_GENETIC;CREDITCARD;POPULATION_UNIQUENESS;5;0;false;2147483647;0.2;0.4;0.8;0.05;0.2;10;100;false;false;10000;2147483647;false;5;432139;0.719332554;0;gaImplementation;2
BEST_EFFORT_GENETIC;CREDITCARD;POPULATION_UNIQUENESS;5;0;false;2147483647;0.2;0.4;0.8;0.05;0.2;10;100;false;true;20000;2147483647;false;5;821920;0.750066235;0;gaImplementation;1
BEST_EFFORT_GENETIC;CREDITCARD;POPULATION_UNIQUENESS;5;0;false;2147483647;0.2;0.4;0.8;0.05;0.2;10;100;false;false;20000;2147483647;false;5;822239;0.748072848;0;gaImplementation;2
BEST_EFFORT_GENETIC;CREDITCARD;POPULATION_UNIQUENESS;5;0;false;2147483647;0.2;0.4;0.8;0.05;0.2;10;100;false;true;30000;2147483647;false;5;1051808;0.779407082;0;gaImplementation;1
BEST_EFFORT_GENETIC;CREDITCARD;POPULATION_UNIQUENESS;5;0;false;2147483647;0.2;0.4;0.8;0.05;0.2;10;100;false;false;30000;2147483647;false;5;1231880;0.840687004;0;gaImplementation;2
BEST_EFFORT_GENETIC;CREDITCARD;POPULATION_UNIQUENESS;5;0;false;2147483647;0.2;0.4;0.8;0.05;0.2;10;100;true;true;5000;2147483647;false;1;171429;0.691453561;0;gaImplementation;0
BEST_EFFORT_GENETIC;CREDITCARD;POPULATION_UNIQUENESS;5;0;false;2147483647;0.2;0.4;0.8;0.05;0.2;10;100;true;true;10000;2147483647;false;1;441945;0.741896924;0;gaImplementation;0
BEST_EFFORT_GENETIC;CREDITCARD;POPULATION_UNIQUENESS;5;0;false;2147483647;0.2;0.4;0.8;0.05;0.2;10;100;true;true;20000;2147483647;false;1;841692;0.831478473;0;gaImplementation;0
BEST_EFFORT_GENETIC;CREDITCARD;POPULATION_UNIQUENESS;5;0;false;2147483647;0.2;0.4;0.8;0.05;0.2;10;100;true;true;30000;2147483647;false;1;1412065;0.801457311;0;gaImplementation;0
BEST_EFFORT_GENETIC;CREDITCARD;POPULATION_UNIQUENESS;5;0;false;2147483647;0.2;0.4;0.8;0.05;0.2;10;100;true;true;5000;2147483647;false;2;186558;0.700184739;0;gaImplementation;0
BEST_EFFORT_GENETIC;CREDITCARD;POPULATION_UNIQUENESS;5;0;false;2147483647;0.2;0.4;0.8;0.05;0.2;10;100;true;true;10000;2147483647;false;2;291434;0.743280565;0;gaImplementation;0
BEST_EFFORT_GENETIC;CREDITCARD;POPULATION_UNIQUENESS;5;0;false;2147483647;0.2;0.4;0.8;0.05;0.2;10;100;true;true;20000;2147483647;false;2;921919;0.76009366;0;gaImplementation;0
BEST_EFFORT_GENETIC;CREDITCARD;POPULATION_UNIQUENESS;5;0;false;2147483647;0.2;0.4;0.8;0.05;0.2;10;100;true;true;30000;2147483647;false;2;1141469;0.865220145;0;gaImplementation;0
BEST_EFFORT_GENETIC;CREDITCARD;POPULATION_UNIQUENESS;5;0;false;2147483647;0.2;0.4;0.8;0.05;0.2;10;100;true;true;5000;2147483647;false;3;136207;0.68817718;0;gaImplementation;0
BEST_EFFORT_GENETIC;CREDITCARD;POPULATION_UNIQUENESS;5;0;false;2147483647;0.2;0.4;0.8;0.05;0.2;10;100;true;true;10000;2147483647;false;3;401456;0.786963554;0;gaImplementation;0
BEST_EFFORT_GENETIC;CREDITCARD;POPULATION_UNIQUENESS;5;0;false;2147483647;0.2;0.4;0.8;0.05;0.2;10;100;true;true;20000;2147483647;false;3;881904;0.795579236;0;gaImplementation;0
BEST_EFFORT_GENETIC;CREDITCARD;POPULATION_UNIQUENESS;5;0;false;2147483647;0.2;0.4;0.8;0.05;0.2;10;100;true;true;30000;2147483647;false;3;1381882;0.841145306;0;gaImplementation;0
BEST_EFFORT_GENETIC;CREDITCARD;POPULATION_UNIQUENESS;5;0;false;2147483647;0.2;0.4;0.8;0.05;0.2;10;100;true;true;5000;2147483647;false;4;181534;0.71090881;0;gaImplementation;0
BEST_EFFORT_GENETIC;CREDITCARD;POPULATION_UNIQUENESS;5;0;false;2147483647;0.2;0.4;0.8;0.05;0.2;10;100;true;true;10000;2147483647;false;4;421718;0.744525186;0;gaImplementation;0
BEST_EFFORT_GENETIC;CREDITCARD;POPULATION_UNIQUENESS;5;0;false;2147483647;0.2;0.4;0.8;0.05;0.2;10;100;true;true;20000;2147483647;false;4;941957;0.766489341;0;gaImplementation;0
BEST_EFFORT_GENETIC;CREDITCARD;POPULATION_UNIQUENESS;5;0;false;2147483647;0.2;0.4;0.8;0.05;0.2;10;100;true;true;30000;2147483647;false;4;1171672;0.855636173;0;gaImplementation;0
BEST_EFFORT_GENETIC;CREDITCARD;POPULATION_UNIQUENESS;5;0;false;2147483647;0.2;0.4;0.8;0.05;0.2;10;100;true;true;5000;2147483647;false;5;146369;0.672744842;0;gaImplementation;0
BEST_EFFORT_GENETIC;CREDITCARD;POPULATION_UNIQUENESS;5;0;false;2147483647;0.2;0.4;0.8;0.05;0.2;10;100;true;true;10000;2147483647;false;5;301326;0.759669228;0;gaImplementation;0
BEST_EFFORT_GENETIC;CREDITCARD;POPULATION_UNIQUENESS;5;0;false;2147483647;0.2;0.4;0.8;0.05;0.2;10;100;true;true;20000;2147483647;false;5;821771;0.800600275;0;gaImplementation;0
BEST_EFFORT_GENETIC;CREDITCARD;POPULATION_UNIQUENESS;5;0;false;2147483647;0.2;0.4;0.8;0.05;0.2;10;100;true;true;30000;2147483647;false;5;1171487;0.888448707;0;gaImplementation;0
BEST_EFFORT_GENETIC;MACH2019;POPULATION_UNIQUENESS;5;0;false;2147483647;0.2;0.4;0.8;0.05;0.2;10;100;true;true;30000;2147483647;false;1;810820;0.958902063;0;gaImplementation;0
BEST_EFFORT_GENETIC;MACH2019;POPULATION_UNIQUENESS;5;0;false;2147483647;0.2;0.4;0.8;0.05;0.2;10;100;true;true;5000;2147483647;false;1;50332;0.880866861;0;gaImplementation;0
BEST_EFFORT_GENETIC;MACH2019;POPULATION_UNIQUENESS;5;0;false;2147483647;0.2;0.4;0.8;0.05;0.2;10;100;true;true;10000;2147483647;false;1;190571;0.927117156;0;gaImplementation;0
BEST_EFFORT_GENETIC;MACH2019;POPULATION_UNIQUENESS;5;0;false;2147483647;0.2;0.4;0.8;0.05;0.2;10;100;true;true;20000;2147483647;false;1;440671;0.94794994;0;gaImplementation;0
BEST_EFFORT_GENETIC;MACH2019;POPULATION_UNIQUENESS;5;0;false;2147483647;0.2;0.4;0.8;0.05;0.2;10;100;true;true;30000;2147483647;false;2;780725;0.960697922;0;gaImplementation;0
BEST_EFFORT_GENETIC;MACH2019;POPULATION_UNIQUENESS;5;0;false;2147483647;0.2;0.4;0.8;0.05;0.2;10;100;true;true;5000;2147483647;false;2;50324;0.860441851;0;gaImplementation;0
BEST_EFFORT_GENETIC;MACH2019;POPULATION_UNIQUENESS;5;0;false;2147483647;0.2;0.4;0.8;0.05;0.2;10;100;true;true;10000;2147483647;false;2;160383;0.915498207;0;gaImplementation;0
BEST_EFFORT_GENETIC;MACH2019;POPULATION_UNIQUENESS;5;0;false;2147483647;0.2;0.4;0.8;0.05;0.2;10;100;true;true;20000;2147483647;false;2;380564;0.942077231;0;gaImplementation;0
BEST_EFFORT_GENETIC;MACH2019;POPULATION_UNIQUENESS;5;0;false;2147483647;0.2;0.4;0.8;0.05;0.2;10;100;true;true;30000;2147483647;false;3;750828;0.951643651;0;gaImplementation;0
BEST_EFFORT_GENETIC;MACH2019;POPULATION_UNIQUENESS;5;0;false;2147483647;0.2;0.4;0.8;0.05;0.2;10;100;true;true;5000;2147483647;false;3;50331;0.884630228;0;gaImplementation;0
BEST_EFFORT_GENETIC;MACH2019;POPULATION_UNIQUENESS;5;0;false;2147483647;0.2;0.4;0.8;0.05;0.2;10;100;true;true;10000;2147483647;false;3;180509;0.917693207;0;gaImplementation;0
BEST_EFFORT_GENETIC;MACH2019;POPULATION_UNIQUENESS;5;0;false;2147483647;0.2;0.4;0.8;0.05;0.2;10;100;true;true;20000;2147483647;false;3;440704;0.951608486;0;gaImplementation;0
BEST_EFFORT_GENETIC;MACH2019;POPULATION_UNIQUENESS;5;0;false;2147483647;0.2;0.4;0.8;0.05;0.2;10;100;true;true;30000;2147483647;false;4;720715;0.963283593;0;gaImplementation;0
BEST_EFFORT_GENETIC;MACH2019;POPULATION_UNIQUENESS;5;0;false;2147483647;0.2;0.4;0.8;0.05;0.2;10;100;true;true;5000;2147483647;false;4;25375;0.873627929;0;gaImplementation;0
BEST_EFFORT_GENETIC;MACH2019;POPULATION_UNIQUENESS;5;0;false;2147483647;0.2;0.4;0.8;0.05;0.2;10;100;true;true;10000;2147483647;false;4;130440;0.907794475;0;gaImplementation;0
BEST_EFFORT_GENETIC;MACH2019;POPULATION_UNIQUENESS;5;0;false;2147483647;0.2;0.4;0.8;0.05;0.2;10;100;true;true;20000;2147483647;false;4;480659;0.944189735;0;gaImplementation;0
BEST_EFFORT_GENETIC;MACH2019;POPULATION_UNIQUENESS;5;0;false;2147483647;0.2;0.4;0.8;0.05;0.2;10;100;true;true;30000;2147483647;false;5;510566;0.95404242;0;gaImplementation;0
BEST_EFFORT_GENETIC;MACH2019;POPULATION_UNIQUENESS;5;0;false;2147483647;0.2;0.4;0.8;0.05;0.2;10;100;true;true;5000;2147483647;false;5;65382;0.866294313;0;gaImplementation;0
BEST_EFFORT_GENETIC;MACH2019;POPULATION_UNIQUENESS;5;0;false;2147483647;0.2;0.4;0.8;0.05;0.2;10;100;true;true;10000;2147483647;false;5;100308;0.921365786;0;gaImplementation;0
BEST_EFFORT_GENETIC;MACH2019;POPULATION_UNIQUENESS;5;0;false;2147483647;0.2;0.4;0.8;0.05;0.2;10;100;true;true;20000;2147483647;false;5;420555;0.935257174;0;gaImplementation;0
BEST_EFFORT_GENETIC;SS13ACS;POPULATION_UNIQUENESS;5;0;false;2147483647;0.2;0.4;0.8;0.05;0.2;10;100;true;true;30000;2147483647;false;1;150207;0.994436473;0;gaImplementation;0
BEST_EFFORT_GENETIC;SS13ACS;POPULATION_UNIQUENESS;5;0;false;2147483647;0.2;0.4;0.8;0.05;0.2;10;100;true;true;5000;2147483647;false;1;40203;0.922726729;0;gaImplementation;0
BEST_EFFORT_GENETIC;SS13ACS;POPULATION_UNIQUENESS;5;0;false;2147483647;0.2;0.4;0.8;0.05;0.2;10;100;true;true;10000;2147483647;false;1;20166;0.937924203;0;gaImplementation;0
BEST_EFFORT_GENETIC;SS13ACS;POPULATION_UNIQUENESS;5;0;false;2147483647;0.2;0.4;0.8;0.05;0.2;10;100;true;true;20000;2147483647;false;1;120244;0.974099295;0;gaImplementation;0
BEST_EFFORT_GENETIC;SS13ACS;POPULATION_UNIQUENESS;5;0;false;2147483647;0.2;0.4;0.8;0.05;0.2;10;100;true;true;30000;2147483647;false;2;150180;0.994994921;0;gaImplementation;0
BEST_EFFORT_GENETIC;SS13ACS;POPULATION_UNIQUENESS;5;0;false;2147483647;0.2;0.4;0.8;0.05;0.2;10;100;true;true;5000;2147483647;false;2;35229;0.909827656;0;gaImplementation;0
BEST_EFFORT_GENETIC;SS13ACS;POPULATION_UNIQUENESS;5;0;false;2147483647;0.2;0.4;0.8;0.05;0.2;10;100;true;true;10000;2147483647;false;2;80223;0.950235505;0;gaImplementation;0
BEST_EFFORT_GENETIC;SS13ACS;POPULATION_UNIQUENESS;5;0;false;2147483647;0.2;0.4;0.8;0.05;0.2;10;100;true;true;20000;2147483647;false;2;160265;0.962043425;0;gaImplementation;0
BEST_EFFORT_GENETIC;SS13ACS;POPULATION_UNIQUENESS;5;0;false;2147483647;0.2;0.4;0.8;0.05;0.2;10;100;true;true;30000;2147483647;false;3;270300;0.98704554;0;gaImplementation;0
BEST_EFFORT_GENETIC;SS13ACS;POPULATION_UNIQUENESS;5;0;false;2147483647;0.2;0.4;0.8;0.05;0.2;10;100;true;true;5000;2147483647;false;3;30212;0.922347167;0;gaImplementation;0
BEST_EFFORT_GENETIC;SS13ACS;POPULATION_UNIQUENESS;5;0;false;2147483647;0.2;0.4;0.8;0.05;0.2;10;100;true;true;10000;2147483647;false;3;90247;0.950001536;0;gaImplementation;0
BEST_EFFORT_GENETIC;SS13ACS;POPULATION_UNIQUENESS;5;0;false;2147483647;0.2;0.4;0.8;0.05;0.2;10;100;true;true;20000;2147483647;false;3;140248;0.969639517;0;gaImplementation;0
BEST_EFFORT_GENETIC;SS13ACS;POPULATION_UNIQUENESS;5;0;false;2147483647;0.2;0.4;0.8;0.05;0.2;10;100;true;true;30000;2147483647;false;4;150216;0.98193678;0;gaImplementation;0
BEST_EFFORT_GENETIC;SS13ACS;POPULATION_UNIQUENESS;5;0;false;2147483647;0.2;0.4;0.8;0.05;0.2;10;100;true;true;5000;2147483647;false;4;30216;0.911361913;0;gaImplementation;0
BEST_EFFORT_GENETIC;SS13ACS;POPULATION_UNIQUENESS;5;0;false;2147483647;0.2;0.4;0.8;0.05;0.2;10;100;true;true;10000;2147483647;false;4;110323;0.941227346;0;gaImplementation;0
BEST_EFFORT_GENETIC;SS13ACS;POPULATION_UNIQUENESS;5;0;false;2147483647;0.2;0.4;0.8;0.05;0.2;10;100;true;true;20000;2147483647;false;4;120195;0.9520127;0;gaImplementation;0
BEST_EFFORT_GENETIC;SS13ACS;POPULATION_UNIQUENESS;5;0;false;2147483647;0.2;0.4;0.8;0.05;0.2;10;100;true;true;30000;2147483647;false;5;240266;0.986387187;0;gaImplementation;0
BEST_EFFORT_GENETIC;SS13ACS;POPULATION_UNIQUENESS;5;0;false;2147483647;0.2;0.4;0.8;0.05;0.2;10;100;true;true;5000;2147483647;false;5;40294;0.904224566;0;gaImplementation;0
BEST_EFFORT_GENETIC;SS13ACS;POPULATION_UNIQUENESS;5;0;false;2147483647;0.2;0.4;0.8;0.05;0.2;10;100;true;true;10000;2147483647;false;5;110311;0.931221309;0;gaImplementation;0
BEST_EFFORT_GENETIC;SS13ACS;POPULATION_UNIQUENESS;5;0;false;2147483647;0.2;0.4;0.8;0.05;0.2;10;100;true;true;20000;2147483647;false;5;200221;0.976032273;0;gaImplementation;0
